index,cwe key word,matched key word,file,func,hunk,function_name,note,repo,branch,url,testcase
1,"{'CWE-79': ['XSS', 'Cross Site Scripting']}",{'CWE-79': ['XSS']},12(11),14,80,"[None, None, None, None, None, None, None, 'drawU', 'add', None, 'setGray', 'setGray', 'setGray', 'setGray', 'setColor', 'setColor', 'setColor', 'toUImage', 'toUImage', 'toUImage', 'toUImage', None, None, 'learnThisAddress', None, 'forbiddenURL', 'isInUrlAllowList', None, None, 'canCover', 'canCover', 'canCover', 'canCover', 'canCover', 'canCover', 'canCover', 'canCover', None, None, None, None, None, None, None, None, None, None, None, None, None, None, None, 'finalizeEnddefinelong', 'finalizeEnddefinelong', 'retrieveNamedSlow', 'retrieveNamedSlow', 'retrieveNamedSlow', 'retrieveNamedSlow', 'retrieveNamedSlow', 'retrieveNamedSlow', 'retrieveNamedSlow', 'retrieveNamedSlow', None, None, None, None, 'retrieveDistributor', 'retrieveDistributor', None, None, None, None, None, 'setIfValid', 'setIfValid', 'setIfValid', 'setIfValid', 'setIfValid', 'setIfValid', None]",,plantuml,"['master', 'remotes/origin/HEAD -> origin/master', 'remotes/origin/attic-proposal', 'remotes/origin/full_jar', 'remotes/origin/gh-pages', 'remotes/origin/issue/1814', 'remotes/origin/master', 'remotes/origin/pdiff_1uel9', 'remotes/origin/pending-tests']",https://github.com/plantuml/plantuml/commit/b32500bb61ae617bb312496d6d832e4be8190797,"{'OptionFlags.java': 0, 'ImportedFiles.java': 0, 'SFile.java': 0, 'SURL.java': 0, 'SecurityProfile.java': 0, 'SecurityUtils.java': 0, 'FileExists.java': 0, 'Getenv.java': 0, 'LoadJson.java': 0, 'LicenseInfo.java': 0, 'PSystemVersion.java': 0, 'Version.java': 0}"
2,"{'CWE-79': ['XSS', 'Cross Site Scripting']}",{'CWE-79': ['XSS']},12(11),14,80,"[None, None, None, None, None, None, None, 'drawU', 'add', None, 'setGray', 'setGray', 'setGray', 'setGray', 'setColor', 'setColor', 'setColor', 'toUImage', 'toUImage', 'toUImage', 'toUImage', None, None, 'learnThisAddress', None, 'forbiddenURL', 'isInUrlAllowList', None, None, 'canCover', 'canCover', 'canCover', 'canCover', 'canCover', 'canCover', 'canCover', 'canCover', None, None, None, None, None, None, None, None, None, None, None, None, None, None, None, 'finalizeEnddefinelong', 'finalizeEnddefinelong', 'retrieveNamedSlow', 'retrieveNamedSlow', 'retrieveNamedSlow', 'retrieveNamedSlow', 'retrieveNamedSlow', 'retrieveNamedSlow', 'retrieveNamedSlow', 'retrieveNamedSlow', None, None, None, None, 'retrieveDistributor', 'retrieveDistributor', None, None, None, None, None, 'setIfValid', 'setIfValid', 'setIfValid', 'setIfValid', 'setIfValid', 'setIfValid', None]",,plantuml,"['master', 'remotes/origin/HEAD -> origin/master', 'remotes/origin/attic-proposal', 'remotes/origin/full_jar', 'remotes/origin/gh-pages', 'remotes/origin/issue/1814', 'remotes/origin/master', 'remotes/origin/pdiff_1uel9', 'remotes/origin/pending-tests']",https://github.com/plantuml/plantuml/commit/b32500bb61ae617bb312496d6d832e4be8190797,"{'OptionFlags.java': 0, 'ImportedFiles.java': 0, 'SFile.java': 0, 'SURL.java': 0, 'SecurityProfile.java': 0, 'SecurityUtils.java': 0, 'FileExists.java': 0, 'Getenv.java': 0, 'LoadJson.java': 0, 'LicenseInfo.java': 0, 'PSystemVersion.java': 0, 'Version.java': 0}"
3,"{'CWE-79': ['XSS', 'Cross Site Scripting']}",{'CWE-79': ['XSS']},1(1),1,2,"[None, None]",,opencrx,"['master', 'remotes/origin/HEAD -> origin/master', 'remotes/origin/master']",https://github.com/opencrx/opencrx/commit/ce7a71db0bb34ecbcb0e822d40598e410a48b399,{'WebDavMethod.java': 0}
4,"{'CWE-79': ['XSS', 'Cross Site Scripting']}",{'CWE-79': ['XSS']},3(3),1,6,"[None, None, None, None, None, None]",,snappy-java,"['master', 'remotes/origin/HEAD -> origin/master', 'remotes/origin/master', 'remotes/origin/update-native-libs', 'remotes/origin/update/sbt-1.10.2', 'remotes/origin/update/sbt-osgi-0.9.7']",https://github.com/xerial/snappy-java/commit/9f8c3cf74223ed0a8a834134be9c917b9f10ceb5,"{'SnappyHadoopCompatibleOutputStream.java': 0, 'SnappyInputStream.java': 0, 'SnappyOutputStream.java': 0, 'SnappyOutputStreamTest.java': 0, 'SnappyTest.java': 0, 'SnappyOutputStream': 1, 'Snappy': 1}"
5,"{'CWE-79': ['XSS', 'Cross Site Scripting']}",{'CWE-79': ['XSS']},2(2),1,8,"[None, None, None, None, None, None, None, None]",,inlong,"['master', 'remotes/origin/HEAD -> origin/master', 'remotes/origin/branch-1.10', 'remotes/origin/branch-1.11', 'remotes/origin/branch-1.12', 'remotes/origin/branch-1.13', 'remotes/origin/master', 'remotes/origin/release-1.10.0', 'remotes/origin/release-1.11.0', 'remotes/origin/release-1.12.0', 'remotes/origin/release-1.13.0', 'remotes/origin/release-1.9.0']",https://github.com/apache/inlong/commit/49cbf96ba228b99590cab733011462139b2fea69,"{'InlongConstants.java': 0, 'MySQLSinkDTO.java': 2, 'MySQLSinkDTOTest.java': 0, 'MySQLSinkDTO': 1}"
6,"{'CWE-79': ['XSS', 'Cross Site Scripting']}",{'CWE-79': ['XSS']},1(1),1,8,"[None, None, None, None, None, None, None, None]",,keycloak,['remotes/origin/release/21.1'],https://github.com/keycloak/keycloak/commit/5c6c55945a384bfd82e51283096204dcb6f63d91,"{'KeycloakConfigSourceProvider.java': 0, 'QuarkusPlatform.java': 0, 'GzipResourceEncodingProviderFactory.java': 0, 'DirExportProvider.java': 0, 'DirImportProvider.java': 0, 'PlatformProvider.java': 0, 'ThemeResourceProviderTest.java': 0, 'KeycloakServer.java': 0, 'TestPlatform.java': 0, 'WildflyPlatform.java': 0, 'ThemeResourceProvider': 1, 'Platform': 1}"
7,"{'CWE-79': ['XSS', 'Cross Site Scripting']}",{'CWE-79': ['XSS']},2(2),4,24,"[None, None, None, None, None, None, 'getCorsConfiguration', None, None, None, None, None, None, None, None, None, None, None, None, None, None, 'match', 'match', 'PathPatternMatchableHandlerMapping']",,spring-framework,"['main', 'remotes/origin/6.0.x', 'remotes/origin/6.1.x', 'remotes/origin/HEAD -> origin/main', 'remotes/origin/main']",https://github.com/spring-projects/spring-framework/commit/202fa5cdb3a3d0cfe6967e85fa167d978244f28a,"{'SpelMessage.java': 0, 'OperatorMatches.java': 0, 'EvaluationTests.java': 0, 'Evaluation': 1}"
8,"{'CWE-79': ['XSS', 'Cross Site Scripting']}",{'CWE-79': ['XSS']},2(2),4,24,"[None, None, None, None, None, None, 'getCorsConfiguration', None, None, None, None, None, None, None, None, None, None, None, None, None, None, 'match', 'match', 'PathPatternMatchableHandlerMapping']",,spring-framework,['remotes/origin/5.3.x'],https://github.com/spring-projects/spring-framework/commit/eafe3afe11c9fc440ce3088e7e45ecaeffb57a52,"{'SpelMessage.java': 0, 'OperatorMatches.java': 0, 'EvaluationTests.java': 0, 'Evaluation': 1}"
9,"{'CWE-79': ['XSS', 'Cross Site Scripting']}",{'CWE-79': ['XSS']},2(2),2,5,"[None, 'SandboxServiceImpl', None, None, None]",,shenyu,"['master', 'remotes/origin/HEAD -> origin/master', 'remotes/origin/master']",https://github.com/apache/shenyu/commit/1fd33d5aa032e8e71e7e40b229d74e9f88745923,"{'SandboxServiceImpl.java': 0, 'UriUtils.java': 0}"
10,"{'CWE-79': ['XSS', 'Cross Site Scripting']}",{'CWE-79': ['XSS']},2(2),2,5,"[None, 'SandboxServiceImpl', None, None, None]",,shenyu,"['master', 'remotes/origin/HEAD -> origin/master', 'remotes/origin/master']",https://github.com/apache/shenyu/commit/1fd33d5aa032e8e71e7e40b229d74e9f88745923,"{'SandboxServiceImpl.java': 0, 'UriUtils.java': 0}"
11,"{'CWE-79': ['XSS', 'Cross Site Scripting']}",{'CWE-79': ['XSS']},3(1),2,2,"['isDefaultDockerInstalled', 'isDockerInstalled']",,jib,"['master', 'remotes/origin/HEAD -> origin/master', 'remotes/origin/add-windows-ci', 'remotes/origin/cli-integration', 'remotes/origin/commons-compress-1.23.0', 'remotes/origin/dependabot/github_actions/actions/download-artifact-4', 'remotes/origin/dependabot/github_actions/actions/setup-java-4', 'remotes/origin/dependabot/github_actions/dot-github/workflows/actions/download-artifact-4.1.7', 'remotes/origin/dependabot/github_actions/slsa-framework/slsa-github-generator-2.0.0', 'remotes/origin/dependabot/gradle/com.fasterxml.jackson-jackson-bom-2.17.2', 'remotes/origin/dependabot/gradle/com.uber.nullaway-nullaway-0.11.3', 'remotes/origin/dependabot/gradle/org.apache.maven-maven-plugin-api-3.9.4', 'remotes/origin/dependabot/gradle/org.slf4j-slf4j-api-2.0.9', 'remotes/origin/dependabot/gradle/org.sonarqube-5.1.0.4882', 'remotes/origin/gradle8-build', 'remotes/origin/jib-continuous', 'remotes/origin/master', 'remotes/origin/nullway-0.10.0', 'remotes/origin/test-windows']",https://github.com/GoogleContainerTools/jib/commit/67fa40bc2c484da0546333914ea07a89fe44eaaf,"{'CliDockerClient.java': 2, 'CliDockerClientTest.java': 0, 'CliDockerClient': 1}"
12,"{'CWE-79': ['XSS', 'Cross Site Scripting']}",{'CWE-79': ['XSS']},1(1),0,0,[],,slf4j,"['master', 'remotes/origin/2.0', 'remotes/origin/HEAD -> origin/master', 'remotes/origin/bom', 'remotes/origin/branch_2.1.x', 'remotes/origin/master']",https://github.com/qos-ch/slf4j/commit/d2b27fba88e983f921558da27fc29b5f5d269405,"{'EventData.java': 0, 'EventException.java': 0, 'EventLogger.java': 0, 'EventLoggerTest.java': 0, 'PackageTest.java': 0, 'EventLogger': 1, 'Package': 1}"
13,"{'CWE-79': ['XSS', 'Cross Site Scripting']}",{'CWE-79': ['XSS']},19(3),1,3,"[None, None, None]",,slf4j,['remotes/origin/1.7-maintenance'],https://github.com/qos-ch/slf4j/commit/918a055bdf87867f69693cf82727fa435c489e25,"{'EventData.java': 0, 'EventException.java': 0, 'EventLogger.java': 0, 'EventLoggerTest.java': 0, 'PackageTest.java': 0, 'EventLogger': 1, 'Package': 1}"
14,"{'CWE-79': ['XSS', 'Cross Site Scripting']}",{'CWE-79': ['XSS']},4(4),4,21,"[None, None, None, None, None, None, None, 'webFilterChainPostProcessor', 'webFilterChainPostProcessor', 'webFilterChainPostProcessor', 'postProcess', None, None, None, None, None, 'customize', None, None, None, None]",,spring-boot,"['main', 'remotes/origin/2.7.x', 'remotes/origin/3.0.x', 'remotes/origin/3.1.x', 'remotes/origin/3.2.x', 'remotes/origin/3.3.x', 'remotes/origin/HEAD -> origin/main', 'remotes/origin/main']",https://github.com/spring-projects/spring-boot/commit/3522714c13b47af03bf42e7f2d5994af568cb1a7,"{'CloudFoundryWebFluxEndpointHandlerMapping.java': 0, 'ReactiveCloudFoundryActuatorAutoConfiguration.java': 0, 'CloudFoundryActuatorAutoConfiguration.java': 0, 'CloudFoundryWebEndpointServletHandlerMapping.java': 0, 'CloudFoundryWebFluxEndpointIntegrationTests.java': 0, 'ReactiveCloudFoundryActuatorAutoConfigurationTests.java': 0, 'CloudFoundryActuatorAutoConfigurationTests.java': 0, 'CloudFoundryMvcWebEndpointIntegrationTests.java': 0, 'CloudFoundryWebFluxEndpointIntegration': 1, 'ReactiveCloudFoundryActuatorAutoConfiguration': 1, 'CloudFoundryActuatorAutoConfiguration': 1, 'CloudFoundryMvcWebEndpointIntegration': 1}"
15,"{'CWE-79': ['XSS', 'Cross Site Scripting']}",{'CWE-79': ['XSS']},4(4),4,21,"[None, None, None, None, None, None, None, 'webFilterChainPostProcessor', 'webFilterChainPostProcessor', 'webFilterChainPostProcessor', 'postProcess', None, None, None, None, None, 'customize', None, None, None, None]",,spring-boot,"['main', 'remotes/origin/2.7.x', 'remotes/origin/3.0.x', 'remotes/origin/3.1.x', 'remotes/origin/3.2.x', 'remotes/origin/3.3.x', 'remotes/origin/HEAD -> origin/main', 'remotes/origin/main']",https://github.com/spring-projects/spring-boot/commit/3522714c13b47af03bf42e7f2d5994af568cb1a7,"{'CloudFoundryWebFluxEndpointHandlerMapping.java': 0, 'ReactiveCloudFoundryActuatorAutoConfiguration.java': 0, 'CloudFoundryActuatorAutoConfiguration.java': 0, 'CloudFoundryWebEndpointServletHandlerMapping.java': 0, 'CloudFoundryWebFluxEndpointIntegrationTests.java': 0, 'ReactiveCloudFoundryActuatorAutoConfigurationTests.java': 0, 'CloudFoundryActuatorAutoConfigurationTests.java': 0, 'CloudFoundryMvcWebEndpointIntegrationTests.java': 0, 'CloudFoundryWebFluxEndpointIntegration': 1, 'ReactiveCloudFoundryActuatorAutoConfiguration': 1, 'CloudFoundryActuatorAutoConfiguration': 1, 'CloudFoundryMvcWebEndpointIntegration': 1}"
16,"{'CWE-79': ['XSS', 'Cross Site Scripting']}",{'CWE-79': ['XSS']},2(2),1,9,"[None, None, None, None, None, None, None, None, None]",,spring-framework,"['main', 'remotes/origin/6.0.x', 'remotes/origin/6.1.x', 'remotes/origin/HEAD -> origin/main', 'remotes/origin/main']",https://github.com/spring-projects/spring-framework/commit/8010de8b63057af06984df5c7550ba99d006e909,"{'SpelMessage.java': 0, 'OperatorMatches.java': 0, 'EvaluationTests.java': 0, 'Evaluation': 1}"
17,"{'CWE-79': ['XSS', 'Cross Site Scripting']}",{'CWE-79': ['XSS']},2(2),1,11,"[None, None, None, None, None, None, None, None, None, None, None]",,spring-framework,['remotes/origin/5.3.x'],https://github.com/spring-projects/spring-framework/commit/26e0343c1638d59a28a7991bfcaed32dbc4996e4,"{'SpelMessage.java': 0, 'OperatorMatches.java': 0, 'EvaluationTests.java': 0, 'Evaluation': 1}"
18,"{'CWE-79': ['XSS', 'Cross Site Scripting']}",{'CWE-79': ['XSS']},2(2),1,11,"[None, None, None, None, None, None, None, None, None, None, None]",,spring-framework,['remotes/origin/5.2.x'],https://github.com/spring-projects/spring-framework/commit/b9b31afcc905cd9d5e63739ff5920d849f7f20f0,"{'SpelMessage.java': 0, 'OperatorMatches.java': 0, 'EvaluationTests.java': 0, 'Evaluation': 1}"
19,"{'CWE-79': ['XSS', 'Cross Site Scripting']}",{'CWE-79': ['XSS']},2(2),1,11,"[None, None, None, None, None, None, None, None, None, None, None]",,spring-framework,['remotes/origin/5.2.x'],https://github.com/spring-projects/spring-framework/commit/b9b31afcc905cd9d5e63739ff5920d849f7f20f0,"{'SpelMessage.java': 0, 'OperatorMatches.java': 0, 'EvaluationTests.java': 0, 'Evaluation': 1}"
20,"{'CWE-79': ['XSS', 'Cross Site Scripting']}",{'CWE-79': ['XSS']},14(14),7,45,"[None, None, None, None, None, None, None, None, None, None, 'AMQCommand', 'AMQCommand', 'AMQCommand', None, None, 'getTrafficListener', None, None, 'AbstractFrameHandlerFactory', None, 'CommandAssembler', 'CommandAssembler', None, None, 'getCredentialsRefreshService', None, None, None, None, None, None, None, None, None, None, None, None, 'FrameBuilder', None, None, None, None, None, None, None]",,rabbitmq-java-client,['remotes/origin/5.x.x-stable'],https://github.com/rabbitmq/rabbitmq-java-client/commit/714aae602dcae6cb4b53cadf009323ebac313cc8,"{'ConnectionFactory.java': 0, 'AMQChannel.java': 0, 'AMQCommand.java': 0, 'AMQConnection.java': 0, 'AbstractFrameHandlerFactory.java': 0, 'CommandAssembler.java': 0, 'ConnectionParams.java': 0, 'Frame.java': 0, 'SocketFrameHandler.java': 0, 'SocketFrameHandlerFactory.java': 0, 'FrameBuilder.java': 0, 'SocketChannelFrameHandlerFactory.java': 0, 'SocketChannelFrameHandlerState.java': 0, 'SslEngineFrameBuilder.java': 0, 'FrameBuilderTest.java': 0, 'MaxInboundMessageSizeTest.java': 0, 'TestUtils.java': 0, 'FrameBuilder': 1, 'MaxInboundMessageSize': 1, 'Utils': 1}"
21,"{'CWE-79': ['XSS', 'Cross Site Scripting']}",{'CWE-79': ['XSS']},3(2),1,3,"[None, None, None]",,keycloak,['remotes/origin/release/20.0'],https://github.com/keycloak/keycloak/commit/30d0e9d22dae51392e5a3748a1c68c116667359a,"{'KeycloakConfigSourceProvider.java': 0, 'QuarkusPlatform.java': 0, 'GzipResourceEncodingProviderFactory.java': 0, 'DirExportProvider.java': 0, 'DirImportProvider.java': 0, 'PlatformProvider.java': 0, 'ThemeResourceProviderTest.java': 0, 'KeycloakServer.java': 0, 'TestPlatform.java': 0, 'WildflyPlatform.java': 0, 'ThemeResourceProvider': 1, 'Platform': 1}"
22,"{'CWE-79': ['XSS', 'Cross Site Scripting']}",{'CWE-79': ['XSS']},9(5),1,7,"[None, None, None, None, None, None, None]",,eclipse.jdt.core,"['master', 'remotes/origin/BETA_JAVA21', 'remotes/origin/BETA_JAVA22', 'remotes/origin/BETA_JAVA23', 'remotes/origin/HEAD -> origin/master', 'remotes/origin/R4_29_maintenance', 'remotes/origin/R4_30_maintenance', 'remotes/origin/R4_31_maintenance', 'remotes/origin/R4_32_maintenance', 'remotes/origin/R4_33_maintenance', 'remotes/origin/master', 'remotes/origin/revert-1837-master', 'remotes/origin/update_R4.34']",https://github.com/eclipse-jdt/eclipse.jdt.core/commit/38dd2a878f45cdb3d8d52090f1d6d1b532fd4c4d,"{'FactoryPathUtil.java': 0, 'XMLComparer.java': 0, 'XMLConverter.java': 0, 'NegativeModelProc.java': 0, 'TableBuilder.java': 0, 'DecodeCodeFormatterPreferences.java': 0, 'JavaModelManager.java': 0, 'JavaProject.java': 0, 'UserLibrary.java': 0}"
23,"{'CWE-79': ['XSS', 'Cross Site Scripting']}",{'CWE-79': ['XSS']},9(5),1,7,"[None, None, None, None, None, None, None]",,eclipse.jdt.core,"['master', 'remotes/origin/BETA_JAVA21', 'remotes/origin/BETA_JAVA22', 'remotes/origin/BETA_JAVA23', 'remotes/origin/HEAD -> origin/master', 'remotes/origin/R4_29_maintenance', 'remotes/origin/R4_30_maintenance', 'remotes/origin/R4_31_maintenance', 'remotes/origin/R4_32_maintenance', 'remotes/origin/R4_33_maintenance', 'remotes/origin/master', 'remotes/origin/revert-1837-master', 'remotes/origin/update_R4.34']",https://github.com/eclipse-jdt/eclipse.jdt.core/commit/38dd2a878f45cdb3d8d52090f1d6d1b532fd4c4d,"{'FactoryPathUtil.java': 0, 'XMLComparer.java': 0, 'XMLConverter.java': 0, 'NegativeModelProc.java': 0, 'TableBuilder.java': 0, 'DecodeCodeFormatterPreferences.java': 0, 'JavaModelManager.java': 0, 'JavaProject.java': 0, 'UserLibrary.java': 0}"
24,"{'CWE-79': ['XSS', 'Cross Site Scripting']}",{'CWE-79': ['XSS']},3(1),1,1,['getDocument'],,eclipse.platform.swt,"['master', 'remotes/origin/HEAD -> origin/master', 'remotes/origin/R4_29_maintenance', 'remotes/origin/R4_30_maintenance', 'remotes/origin/R4_31_maintenance', 'remotes/origin/R4_32_maintenance', 'remotes/origin/R4_33_maintenance', 'remotes/origin/edge-focus', 'remotes/origin/edge-menu-displaycoordinates', 'remotes/origin/master']",https://github.com/eclipse-platform/eclipse.platform.swt/commit/bf71db5ddcb967c0863dad4745367b54f49e06ba,{'MacGenerator.java': 0}
25,"{'CWE-79': ['XSS', 'Cross Site Scripting']}",{'CWE-79': ['XSS']},57(11),5,30,"['load', None, None, None, None, None, 'parseInputStream', 'parseInputStream', None, None, None, None, None, None, None, None, None, None, 'transformDocument', 'transformDocument', 'transformDocument', 'transformDocument', 'getDom', 'getDom', None, None, None, None, None, None]",,eclipse.platform.ui,"['master', 'remotes/origin/HEAD -> origin/master', 'remotes/origin/R4_29_maintenance', 'remotes/origin/R4_30_maintenance', 'remotes/origin/R4_31_maintenance', 'remotes/origin/R4_32_maintenance', 'remotes/origin/R4_33_maintenance', 'remotes/origin/flashy-cancel-dialog-during-shutdown', 'remotes/origin/master', 'remotes/origin/model-editor-has-search-enabled', 'remotes/origin/stackrenderer-test-reset-after-each-test']",https://github.com/eclipse-platform/eclipse.platform.ui/commit/f243cf0a28785b89b7c50bf4e1cce48a917d89bd,"{'DialogSettings.java': 0, 'XmlProcessorFactoryJFace.java': 0, 'TemplateReaderWriter.java': 0, 'FormTextModel.java': 0, 'WelcomeEditor.java': 0, 'WelcomeParser.java': 0, 'XMLMemento.java': 0, 'PlistFileWriter.java': 0, 'PluginWalkerTest.java': 0, 'DocUtil.java': 0, 'ListTab.java': 0, 'TargetPlatformContributionCollector.java': 0, 'PluginWalker': 1}"
26,"{'CWE-79': ['XSS', 'Cross Site Scripting']}",{'CWE-79': ['XSS']},57(11),5,30,"['load', None, None, None, None, None, 'parseInputStream', 'parseInputStream', None, None, None, None, None, None, None, None, None, None, 'transformDocument', 'transformDocument', 'transformDocument', 'transformDocument', 'getDom', 'getDom', None, None, None, None, None, None]",,eclipse.platform.ui,"['master', 'remotes/origin/HEAD -> origin/master', 'remotes/origin/R4_29_maintenance', 'remotes/origin/R4_30_maintenance', 'remotes/origin/R4_31_maintenance', 'remotes/origin/R4_32_maintenance', 'remotes/origin/R4_33_maintenance', 'remotes/origin/flashy-cancel-dialog-during-shutdown', 'remotes/origin/master', 'remotes/origin/model-editor-has-search-enabled', 'remotes/origin/stackrenderer-test-reset-after-each-test']",https://github.com/eclipse-platform/eclipse.platform.ui/commit/f243cf0a28785b89b7c50bf4e1cce48a917d89bd,"{'DialogSettings.java': 0, 'XmlProcessorFactoryJFace.java': 0, 'TemplateReaderWriter.java': 0, 'FormTextModel.java': 0, 'WelcomeEditor.java': 0, 'WelcomeParser.java': 0, 'XMLMemento.java': 0, 'PlistFileWriter.java': 0, 'PluginWalkerTest.java': 0, 'DocUtil.java': 0, 'ListTab.java': 0, 'TargetPlatformContributionCollector.java': 0, 'PluginWalker': 1}"
27,"{'CWE-79': ['XSS', 'Cross Site Scripting']}",{'CWE-79': ['XSS']},57(11),5,30,"['load', None, None, None, None, None, 'parseInputStream', 'parseInputStream', None, None, None, None, None, None, None, None, None, None, 'transformDocument', 'transformDocument', 'transformDocument', 'transformDocument', 'getDom', 'getDom', None, None, None, None, None, None]",,eclipse.platform.ui,"['master', 'remotes/origin/HEAD -> origin/master', 'remotes/origin/R4_29_maintenance', 'remotes/origin/R4_30_maintenance', 'remotes/origin/R4_31_maintenance', 'remotes/origin/R4_32_maintenance', 'remotes/origin/R4_33_maintenance', 'remotes/origin/flashy-cancel-dialog-during-shutdown', 'remotes/origin/master', 'remotes/origin/model-editor-has-search-enabled', 'remotes/origin/stackrenderer-test-reset-after-each-test']",https://github.com/eclipse-platform/eclipse.platform.ui/commit/f243cf0a28785b89b7c50bf4e1cce48a917d89bd,"{'DialogSettings.java': 0, 'XmlProcessorFactoryJFace.java': 0, 'TemplateReaderWriter.java': 0, 'FormTextModel.java': 0, 'WelcomeEditor.java': 0, 'WelcomeParser.java': 0, 'XMLMemento.java': 0, 'PlistFileWriter.java': 0, 'PluginWalkerTest.java': 0, 'DocUtil.java': 0, 'ListTab.java': 0, 'TargetPlatformContributionCollector.java': 0, 'PluginWalker': 1}"
28,"{'CWE-79': ['XSS', 'Cross Site Scripting']}",{'CWE-79': ['XSS']},57(11),5,30,"['load', None, None, None, None, None, 'parseInputStream', 'parseInputStream', None, None, None, None, None, None, None, None, None, None, 'transformDocument', 'transformDocument', 'transformDocument', 'transformDocument', 'getDom', 'getDom', None, None, None, None, None, None]",,eclipse.platform.ui,"['master', 'remotes/origin/HEAD -> origin/master', 'remotes/origin/R4_29_maintenance', 'remotes/origin/R4_30_maintenance', 'remotes/origin/R4_31_maintenance', 'remotes/origin/R4_32_maintenance', 'remotes/origin/R4_33_maintenance', 'remotes/origin/flashy-cancel-dialog-during-shutdown', 'remotes/origin/master', 'remotes/origin/model-editor-has-search-enabled', 'remotes/origin/stackrenderer-test-reset-after-each-test']",https://github.com/eclipse-platform/eclipse.platform.ui/commit/f243cf0a28785b89b7c50bf4e1cce48a917d89bd,"{'DialogSettings.java': 0, 'XmlProcessorFactoryJFace.java': 0, 'TemplateReaderWriter.java': 0, 'FormTextModel.java': 0, 'WelcomeEditor.java': 0, 'WelcomeParser.java': 0, 'XMLMemento.java': 0, 'PlistFileWriter.java': 0, 'PluginWalkerTest.java': 0, 'DocUtil.java': 0, 'ListTab.java': 0, 'TargetPlatformContributionCollector.java': 0, 'PluginWalker': 1}"
29,"{'CWE-79': ['XSS', 'Cross Site Scripting']}",{'CWE-79': ['XSS']},57(11),5,30,"['load', None, None, None, None, None, 'parseInputStream', 'parseInputStream', None, None, None, None, None, None, None, None, None, None, 'transformDocument', 'transformDocument', 'transformDocument', 'transformDocument', 'getDom', 'getDom', None, None, None, None, None, None]",,eclipse.platform.ui,"['master', 'remotes/origin/HEAD -> origin/master', 'remotes/origin/R4_29_maintenance', 'remotes/origin/R4_30_maintenance', 'remotes/origin/R4_31_maintenance', 'remotes/origin/R4_32_maintenance', 'remotes/origin/R4_33_maintenance', 'remotes/origin/flashy-cancel-dialog-during-shutdown', 'remotes/origin/master', 'remotes/origin/model-editor-has-search-enabled', 'remotes/origin/stackrenderer-test-reset-after-each-test']",https://github.com/eclipse-platform/eclipse.platform.ui/commit/f243cf0a28785b89b7c50bf4e1cce48a917d89bd,"{'DialogSettings.java': 0, 'XmlProcessorFactoryJFace.java': 0, 'TemplateReaderWriter.java': 0, 'FormTextModel.java': 0, 'WelcomeEditor.java': 0, 'WelcomeParser.java': 0, 'XMLMemento.java': 0, 'PlistFileWriter.java': 0, 'PluginWalkerTest.java': 0, 'DocUtil.java': 0, 'ListTab.java': 0, 'TargetPlatformContributionCollector.java': 0, 'PluginWalker': 1}"
30,"{'CWE-79': ['XSS', 'Cross Site Scripting']}",{'CWE-79': ['XSS']},57(11),5,30,"['load', None, None, None, None, None, 'parseInputStream', 'parseInputStream', None, None, None, None, None, None, None, None, None, None, 'transformDocument', 'transformDocument', 'transformDocument', 'transformDocument', 'getDom', 'getDom', None, None, None, None, None, None]",,eclipse.platform.ui,"['master', 'remotes/origin/HEAD -> origin/master', 'remotes/origin/R4_29_maintenance', 'remotes/origin/R4_30_maintenance', 'remotes/origin/R4_31_maintenance', 'remotes/origin/R4_32_maintenance', 'remotes/origin/R4_33_maintenance', 'remotes/origin/flashy-cancel-dialog-during-shutdown', 'remotes/origin/master', 'remotes/origin/model-editor-has-search-enabled', 'remotes/origin/stackrenderer-test-reset-after-each-test']",https://github.com/eclipse-platform/eclipse.platform.ui/commit/f243cf0a28785b89b7c50bf4e1cce48a917d89bd,"{'DialogSettings.java': 0, 'XmlProcessorFactoryJFace.java': 0, 'TemplateReaderWriter.java': 0, 'FormTextModel.java': 0, 'WelcomeEditor.java': 0, 'WelcomeParser.java': 0, 'XMLMemento.java': 0, 'PlistFileWriter.java': 0, 'PluginWalkerTest.java': 0, 'DocUtil.java': 0, 'ListTab.java': 0, 'TargetPlatformContributionCollector.java': 0, 'PluginWalker': 1}"
31,"{'CWE-79': ['XSS', 'Cross Site Scripting']}",{'CWE-79': ['XSS']},57(11),5,30,"['load', None, None, None, None, None, 'parseInputStream', 'parseInputStream', None, None, None, None, None, None, None, None, None, None, 'transformDocument', 'transformDocument', 'transformDocument', 'transformDocument', 'getDom', 'getDom', None, None, None, None, None, None]",,eclipse.platform.ui,"['master', 'remotes/origin/HEAD -> origin/master', 'remotes/origin/R4_29_maintenance', 'remotes/origin/R4_30_maintenance', 'remotes/origin/R4_31_maintenance', 'remotes/origin/R4_32_maintenance', 'remotes/origin/R4_33_maintenance', 'remotes/origin/flashy-cancel-dialog-during-shutdown', 'remotes/origin/master', 'remotes/origin/model-editor-has-search-enabled', 'remotes/origin/stackrenderer-test-reset-after-each-test']",https://github.com/eclipse-platform/eclipse.platform.ui/commit/f243cf0a28785b89b7c50bf4e1cce48a917d89bd,"{'DialogSettings.java': 0, 'XmlProcessorFactoryJFace.java': 0, 'TemplateReaderWriter.java': 0, 'FormTextModel.java': 0, 'WelcomeEditor.java': 0, 'WelcomeParser.java': 0, 'XMLMemento.java': 0, 'PlistFileWriter.java': 0, 'PluginWalkerTest.java': 0, 'DocUtil.java': 0, 'ListTab.java': 0, 'TargetPlatformContributionCollector.java': 0, 'PluginWalker': 1}"
32,"{'CWE-79': ['XSS', 'Cross Site Scripting']}",{'CWE-79': ['XSS']},2(2),1,11,"[None, None, None, None, None, None, None, None, None, None, None]",,DSpace,['remotes/origin/dspace-5_x'],https://github.com/DSpace/DSpace/commit/d1dd7d23329ef055069759df15cfa200c8e3,"{'SubmissionController.java': 0, 'FileUploadRequest.java': 0}"
33,"{'CWE-79': ['XSS', 'Cross Site Scripting']}",{'CWE-79': ['XSS']},2(2),1,11,"[None, None, None, None, None, None, None, None, None, None, None]",,DSpace,['remotes/origin/dspace-6_x'],https://github.com/DSpace/DSpace/commit/7569c6374aefeafb996e202cf8d631020eda5f24,"{'SubmissionController.java': 0, 'FileUploadRequest.java': 0}"
34,"{'CWE-79': ['XSS', 'Cross Site Scripting']}",{'CWE-79': ['XSS']},2(1),1,8,"[None, None, None, None, None, None, None, None]",,dd-plist,"['master', 'remotes/origin/HEAD -> origin/master', 'remotes/origin/feat/location-information', 'remotes/origin/master']",https://github.com/3breadt/dd-plist/commit/2120e77a988d28fba214714710a43521b4ac62b8,{'XMLPropertyListParser.java': 0}
35,"{'CWE-79': ['XSS', 'Cross Site Scripting']}",{'CWE-79': ['XSS']},1(1),1,4,"[None, None, None, None]",,zt-zip,"['master', 'remotes/origin/HEAD -> origin/master', 'remotes/origin/drop-pre-jdk8-versions', 'remotes/origin/java-7-files-copy', 'remotes/origin/master']",https://github.com/zeroturnaround/zt-zip/commit/759b72f33bc8f4d69f84f09fcb7f010ad45d6fff,"{'ZipUtil.java': 0, 'DirectoryTraversalMaliciousTest.java': 0, 'DirectoryTraversalMalicious': 1}"
36,"{'CWE-79': ['XSS', 'Cross Site Scripting']}",{'CWE-79': ['XSS']},13(12),4,30,"[None, 'withCurrentDir', 'withCurrentDir', None, None, None, None, None, None, None, None, None, None, 'fromFile', 'fromFile', None, None, None, None, None, None, None, None, None, None, None, None, 'retrieveNamedSlow', None, None]",,plantuml,"['master', 'remotes/origin/HEAD -> origin/master', 'remotes/origin/attic-proposal', 'remotes/origin/full_jar', 'remotes/origin/gh-pages', 'remotes/origin/issue/1814', 'remotes/origin/master', 'remotes/origin/pdiff_1uel9', 'remotes/origin/pending-tests']",https://github.com/plantuml/plantuml/commit/fbe7fa3b25b4c887d83927cffb1009ec6cb8ab1e,"{'OptionFlags.java': 0, 'ImportedFiles.java': 0, 'SFile.java': 0, 'SURL.java': 0, 'SecurityProfile.java': 0, 'SecurityUtils.java': 0, 'FileExists.java': 0, 'Getenv.java': 0, 'LoadJson.java': 0, 'LicenseInfo.java': 0, 'PSystemVersion.java': 0, 'Version.java': 0}"
37,"{'CWE-79': ['XSS', 'Cross Site Scripting']}",{'CWE-79': ['XSS']},13(12),4,30,"[None, 'withCurrentDir', 'withCurrentDir', None, None, None, None, None, None, None, None, None, None, 'fromFile', 'fromFile', None, None, None, None, None, None, None, None, None, None, None, None, 'retrieveNamedSlow', None, None]",,plantuml,"['master', 'remotes/origin/HEAD -> origin/master', 'remotes/origin/attic-proposal', 'remotes/origin/full_jar', 'remotes/origin/gh-pages', 'remotes/origin/issue/1814', 'remotes/origin/master', 'remotes/origin/pdiff_1uel9', 'remotes/origin/pending-tests']",https://github.com/plantuml/plantuml/commit/fbe7fa3b25b4c887d83927cffb1009ec6cb8ab1e,"{'OptionFlags.java': 0, 'ImportedFiles.java': 0, 'SFile.java': 0, 'SURL.java': 0, 'SecurityProfile.java': 0, 'SecurityUtils.java': 0, 'FileExists.java': 0, 'Getenv.java': 0, 'LoadJson.java': 0, 'LicenseInfo.java': 0, 'PSystemVersion.java': 0, 'Version.java': 0}"
38,"{'CWE-79': ['XSS', 'Cross Site Scripting']}",{'CWE-79': ['XSS']},3(1),1,1,[None],,webauthn4j-spring-security,"['master', 'remotes/origin/0.10.0-development', 'remotes/origin/HEAD -> origin/master', 'remotes/origin/add-auto-merge', 'remotes/origin/catch-up-fido-conformance-test-v1.7.19-1', 'remotes/origin/dependabot/gradle/io.github.bonigarcia-webdrivermanager-5.9.1', 'remotes/origin/dependabot/gradle/webauthn4jVersion-0.26.0.RELEASE', 'remotes/origin/dependabot/npm_and_yarn/samples/lib/spa-angular-client/angular/animations-18.2.2', 'remotes/origin/dependabot/npm_and_yarn/samples/lib/spa-angular-client/angular/compiler-18.2.2', 'remotes/origin/dependabot/npm_and_yarn/samples/lib/spa-angular-client/angular/platform-browser-18.2.2', 'remotes/origin/dependabot/npm_and_yarn/samples/lib/spa-angular-client/angular/platform-browser-dynamic-18.2.2', 'remotes/origin/dependabot/npm_and_yarn/samples/lib/spa-angular-client/fortawesome/fontawesome-free-6.6.0', 'remotes/origin/dependabot/npm_and_yarn/samples/lib/spa-angular-client/karma-6.4.4', 'remotes/origin/devcontainer', 'remotes/origin/gh-pages', 'remotes/origin/master', 'remotes/origin/react', 'remotes/origin/release-0.10.0', 'remotes/origin/remove-buildscript-dependencies', 'remotes/origin/update-angular', 'remotes/origin/update-angular-to-18', 'remotes/origin/update-angular-to-18.0.4', 'remotes/origin/update-angular-to-18.1.0', 'remotes/origin/update-gradle', 'remotes/origin/update-mpa', 'remotes/origin/update-sonar-build-option', 'remotes/origin/update-webauthn4j', 'remotes/origin/update-webauthn4j-to-0.24.0', 'remotes/origin/update-webauthn4j-to-0.25.0']",https://github.com/webauthn4j/webauthn4j-spring-security/commit/129700d74d83f9b9a82bf88ebc63707e3cb0a725#diff-8b498aa0a0a11f93f0e681d9fc2c2a7840186d290e62004ae5e3a2eb0bc5a98dL23,"{'RegistrationAndAuthenticationE2ETest.java': 0, 'WebAuthnAuthenticationProvider.java': 2, 'RegistrationAndAuthenticationE2E': 1}"
39,"{'CWE-79': ['XSS', 'Cross Site Scripting']}",{'CWE-79': ['XSS']},1(1),1,1,[None],,micronaut-security,['remotes/origin/3.11.x'],https://github.com/micronaut-projects/micronaut-security/commit/9728b925221a0d87798ccf250657a3c214b7e980,{'IdTokenClaimsValidator.java': 0}
40,"{'CWE-79': ['XSS', 'Cross Site Scripting']}",{'CWE-79': ['XSS']},1(1),1,1,[None],,micronaut-security,['remotes/origin/3.11.x'],https://github.com/micronaut-projects/micronaut-security/commit/9728b925221a0d87798ccf250657a3c214b7e980,{'IdTokenClaimsValidator.java': 0}
41,"{'CWE-79': ['XSS', 'Cross Site Scripting']}",{'CWE-79': ['XSS']},1(1),1,1,[None],,micronaut-security,['remotes/origin/3.11.x'],https://github.com/micronaut-projects/micronaut-security/commit/9728b925221a0d87798ccf250657a3c214b7e980,{'IdTokenClaimsValidator.java': 0}
42,"{'CWE-79': ['XSS', 'Cross Site Scripting']}",{'CWE-79': ['XSS']},1(1),1,1,[None],,micronaut-security,['remotes/origin/3.11.x'],https://github.com/micronaut-projects/micronaut-security/commit/9728b925221a0d87798ccf250657a3c214b7e980,{'IdTokenClaimsValidator.java': 0}
43,"{'CWE-79': ['XSS', 'Cross Site Scripting']}",{'CWE-79': ['XSS']},1(1),1,1,[None],,micronaut-security,['remotes/origin/3.11.x'],https://github.com/micronaut-projects/micronaut-security/commit/9728b925221a0d87798ccf250657a3c214b7e980,{'IdTokenClaimsValidator.java': 0}
44,"{'CWE-79': ['XSS', 'Cross Site Scripting']}",{'CWE-79': ['XSS']},1(1),1,1,[None],,micronaut-security,['remotes/origin/3.11.x'],https://github.com/micronaut-projects/micronaut-security/commit/9728b925221a0d87798ccf250657a3c214b7e980,{'IdTokenClaimsValidator.java': 0}
45,"{'CWE-79': ['XSS', 'Cross Site Scripting']}",{'CWE-79': ['XSS']},1(1),1,1,[None],,micronaut-security,['remotes/origin/3.11.x'],https://github.com/micronaut-projects/micronaut-security/commit/9728b925221a0d87798ccf250657a3c214b7e980,{'IdTokenClaimsValidator.java': 0}
46,"{'CWE-79': ['XSS', 'Cross Site Scripting']}",{'CWE-79': ['XSS']},1(1),1,1,[None],,micronaut-security,['remotes/origin/3.11.x'],https://github.com/micronaut-projects/micronaut-security/commit/9728b925221a0d87798ccf250657a3c214b7e980,{'IdTokenClaimsValidator.java': 0}
47,"{'CWE-79': ['XSS', 'Cross Site Scripting']}",{'CWE-79': ['XSS']},1(1),1,1,[None],,micronaut-security,['remotes/origin/3.11.x'],https://github.com/micronaut-projects/micronaut-security/commit/9728b925221a0d87798ccf250657a3c214b7e980,{'IdTokenClaimsValidator.java': 0}
48,"{'CWE-79': ['XSS', 'Cross Site Scripting']}",{'CWE-79': ['XSS']},1(1),1,1,[None],,micronaut-security,['remotes/origin/3.11.x'],https://github.com/micronaut-projects/micronaut-security/commit/9728b925221a0d87798ccf250657a3c214b7e980,{'IdTokenClaimsValidator.java': 0}
49,"{'CWE-79': ['XSS', 'Cross Site Scripting']}",{'CWE-79': ['XSS']},1(1),1,1,[None],,micronaut-security,['remotes/origin/3.11.x'],https://github.com/micronaut-projects/micronaut-security/commit/9728b925221a0d87798ccf250657a3c214b7e980,{'IdTokenClaimsValidator.java': 0}
50,"{'CWE-79': ['XSS', 'Cross Site Scripting']}",{'CWE-79': ['XSS']},2(1),4,14,"[None, None, 'setField', None, 'addRepeatedField', None, None, None, None, None, None, None, None, 'finish']",,protobuf,"['main', 'remotes/origin/21.x', 'remotes/origin/22.x', 'remotes/origin/22.x-202303072154', 'remotes/origin/22.x-202304122338', 'remotes/origin/23.0-rc2-patch', 'remotes/origin/23.x', 'remotes/origin/23.x-202305051714', 'remotes/origin/23.x-202305081751', 'remotes/origin/23.x-202305171614', 'remotes/origin/24.x', 'remotes/origin/25.x', 'remotes/origin/25.x-202311012212', 'remotes/origin/25.x-allow-compat-test', 'remotes/origin/25.x-compat-tests', 'remotes/origin/25.x-compat-upgrade', 'remotes/origin/25.x-java-test-proto-visibility', 'remotes/origin/26.x', 'remotes/origin/27.x', 'remotes/origin/27.x-compat-upgrade', 'remotes/origin/28.x', 'remotes/origin/28.x-202408082011', 'remotes/origin/HEAD -> origin/main', 'remotes/origin/add-support-for-options-in-ruby', 'remotes/origin/add_missing_headers', 'remotes/origin/b7-all', 'remotes/origin/bazel-rules', 'remotes/origin/bazel-rules2', 'remotes/origin/bazel7-deb11', 'remotes/origin/bcr', 'remotes/origin/bootstrap_upb_fix', 'remotes/origin/burndown_patches', 'remotes/origin/bzlmod', 'remotes/origin/cherrypick-ruby-utf8', 'remotes/origin/cherrypickStatic', 'remotes/origin/cherrypicks', 'remotes/origin/cp-bzl', 'remotes/origin/cp-java-feature-bootstrap', 'remotes/origin/cp-java-generator', 'remotes/origin/cp-segv', 'remotes/origin/deannagarcia-patch-1', 'remotes/origin/deannagarcia-patch-10', 'remotes/origin/deannagarcia-patch-11', 'remotes/origin/deannagarcia-patch-12', 'remotes/origin/deannagarcia-patch-2', 'remotes/origin/deannagarcia-patch-3', 'remotes/origin/deannagarcia-patch-4', 'remotes/origin/deannagarcia-patch-5', 'remotes/origin/deannagarcia-patch-6', 'remotes/origin/deannagarcia-patch-7', 'remotes/origin/deannagarcia-patch-8', 'remotes/origin/deannagarcia-patch-9', 'remotes/origin/dependabot/github_actions/actions/checkout-4.1.7', 'remotes/origin/dependabot/github_actions/actions/upload-artifact-4', 'remotes/origin/dependabot/github_actions/ruby/setup-ruby-1.191.0', 'remotes/origin/dependabot/github_actions/shivammathur/setup-php-2.31.1', 'remotes/origin/dependabot/pip/python/docs/jinja2-3.1.4', 'remotes/origin/disable-upload-artifacts-action', 'remotes/origin/dmaclach-mach_absolute_time', 'remotes/origin/editions-27', 'remotes/origin/ffi-fix', 'remotes/origin/fix-25.x-staleness', 'remotes/origin/fix_jruby_proto3_optional', 'remotes/origin/gberg-main', 'remotes/origin/gberg-osgi', 'remotes/origin/gha', 'remotes/origin/gha-actions', 'remotes/origin/gha-migration', 'remotes/origin/gha-migration2', 'remotes/origin/gha-migration3', 'remotes/origin/gha-test', 'remotes/origin/ghaPassFail', 'remotes/origin/java8', 'remotes/origin/jruby_9.4.6.0', 'remotes/origin/main', 'remotes/origin/main-202302161846', 'remotes/origin/main-202303072257', 'remotes/origin/main-202304252156', 'remotes/origin/main-202305082101', 'remotes/origin/main-202310162054', 'remotes/origin/main-202401251548', 'remotes/origin/main-202404180211', 'remotes/origin/main-202407112335', 'remotes/origin/main-tmp-1', 'remotes/origin/main-tmp-2', 'remotes/origin/main-tmp-3', 'remotes/origin/main-tmp-test-branch', 'remotes/origin/mavenTests', 'remotes/origin/pkgconfig2-22', 'remotes/origin/pomTrial', 'remotes/origin/python312-upb', 'remotes/origin/reenable_cruby_ffi_tests', 'remotes/origin/regen-upb', 'remotes/origin/revert-12721-main-202305082101', 'remotes/origin/revert-18339-bazel-rules2', 'remotes/origin/rm-php-compat-code', 'remotes/origin/ruby-ffi-freezing', 'remotes/origin/ruby-json-pool-fix', 'remotes/origin/ruby-rm-syntax', 'remotes/origin/ruby_artifact_uploads', 'remotes/origin/ruby_dep', 'remotes/origin/set-ex-test', 'remotes/origin/shaod2-patch-1', 'remotes/origin/support_ruby_3.4.x', 'remotes/origin/test_458711847', 'remotes/origin/test_472529298', 'remotes/origin/test_477475045', 'remotes/origin/test_488676475', 'remotes/origin/test_488736123', 'remotes/origin/test_488863171', 'remotes/origin/test_488996168', 'remotes/origin/test_489037129', 'remotes/origin/test_489075734', 'remotes/origin/test_489259176', 'remotes/origin/test_490412672', 'remotes/origin/test_490480534', 'remotes/origin/test_490544827', 'remotes/origin/test_490775181', 'remotes/origin/test_491410618', 'remotes/origin/test_492007398', 'remotes/origin/test_492047164', 'remotes/origin/test_492051638', 'remotes/origin/test_492365076', 'remotes/origin/test_492380119', 'remotes/origin/test_493086551', 'remotes/origin/test_493088412', 'remotes/origin/test_493584811', 'remotes/origin/test_493743618', 'remotes/origin/test_493886620', 'remotes/origin/test_494027573', 'remotes/origin/test_494043842', 'remotes/origin/test_494271758', 'remotes/origin/test_494398568', 'remotes/origin/test_494723105', 'remotes/origin/test_494824070', 'remotes/origin/test_494835245', 'remotes/origin/test_495003404', 'remotes/origin/test_495019683', 'remotes/origin/test_495043824', 'remotes/origin/test_495125557', 'remotes/origin/test_495293733', 'remotes/origin/test_495294072', 'remotes/origin/test_495352403', 'remotes/origin/test_495412624', 'remotes/origin/test_495507057', 'remotes/origin/test_500390065', 'remotes/origin/test_559560115', 'remotes/origin/test_642578689', 'remotes/origin/test_654701762', 'remotes/origin/test_655242178', 'remotes/origin/test_655609558', 'remotes/origin/test_666527234', 'remotes/origin/test_667412777', 'remotes/origin/test_669099316', 'remotes/origin/test_669459607', 'remotes/origin/test_670528091', 'remotes/origin/test_670695928', 'remotes/origin/test_671126144', 'remotes/origin/test_673070384', 'remotes/origin/test_673536874', 'remotes/origin/test_673817781', 'remotes/origin/test_673873453', 'remotes/origin/test_673888799', 'remotes/origin/test_673892848', 'remotes/origin/test_673988631', 'remotes/origin/test_673991551', 'remotes/origin/test_673993761', 'remotes/origin/test_673994429', 'remotes/origin/test_673994444', 'remotes/origin/test_673998259', 'remotes/origin/test_674030055', 'remotes/origin/test_674352147', 'remotes/origin/test_674444902', 'remotes/origin/test_674476267', 'remotes/origin/test_675116650', 'remotes/origin/test_675126476', 'remotes/origin/test_675162587', 'remotes/origin/test_675244481', 'remotes/origin/test_675278793', 'remotes/origin/test_675282264', 'remotes/origin/test_675307746', 'remotes/origin/test_675315586', 'remotes/origin/test_675335785', 'remotes/origin/test_675375840', 'remotes/origin/test_675580725', 'remotes/origin/test_675602720', 'remotes/origin/test_675611269', 'remotes/origin/test_675619950', 'remotes/origin/test_675642327', 'remotes/origin/test_675656163', 'remotes/origin/test_675661837', 'remotes/origin/test_675675425', 'remotes/origin/test_675730875', 'remotes/origin/test_kfm', 'remotes/origin/upgrade-absl', 'remotes/origin/win2019-23.x']",https://github.com/protocolbuffers/protobuf/commit/a3888f53317a8018e7a439bac4abeb8f3425d5e9,{'MessageReflection.java': 0}
51,"{'CWE-79': ['XSS', 'Cross Site Scripting']}",{'CWE-79': ['XSS']},2(1),4,14,"[None, None, 'setField', None, 'addRepeatedField', None, None, None, None, None, None, None, None, 'finish']",,protobuf,"['remotes/origin/3.20.x', 'remotes/origin/gberg-cp-20']",https://github.com/protocolbuffers/protobuf/commit/24b65038cfe36191268fda355aca0e43d3ecbcbe,{'MessageReflection.java': 0}
52,"{'CWE-79': ['XSS', 'Cross Site Scripting']}",{'CWE-79': ['XSS']},39(23),28,203,"[None, None, None, None, None, None, None, None, None, None, None, None, None, None, None, None, None, None, None, None, None, None, None, None, None, None, None, None, None, None, None, None, None, None, None, None, None, None, None, None, None, None, None, None, None, None, None, None, None, None, None, None, None, None, None, None, None, 'getField', None, None, None, None, 'hashCode', 'hashCode', 'makeImmutable', 'toBuilder', None, 'getMemoizedSerializedSize', 'setMemoizedSerializedSize', None, 'getSerializedSize', 'computeSerializedSize', None, None, 'Builder', 'copyOnWrite', 'copyOnWrite', 'copyOnWriteInternal', 'clear', 'clone', 'buildPartial', 'buildPartial', 'mergeFrom', 'mergeFrom', 'copyOnWriteInternal', 'buildPartial', None, None, None, None, 'getUnknownFields', None, 'clear', 'setUnknownFieldsInternal', None, 'getUnknownFields', None, None, None, None, None, None, None, None, None, None, None, None, None, None, None, None, None, None, None, None, None, None, None, 'pascalCaseToSnakeCase', None, None, None, 'setField', None, 'addRepeatedField', None, None, None, 'finish', None, None, None, None, 'mergeFrom', None, 'mergeMessage', 'mergeMessage', 'mergeMessage', 'mergeMessage', 'mergeOneofMessage', 'mergeOneofMessage', 'mergeOneofMessage', 'mergeOneofMessage', None, None, None, None, None, None, None, None, None, None, None, None, None, None, None, None, None, None, None, None, None, None, None, None, None, 'storeOneofMessageField', None, None, 'makeImmutable', 'makeImmutable', None, None, None, None, None, None, 'newInstance', None, 'newInstance', None, None, None, None, None, None, None, None, None, None, None, None, None, None, 'storeField', None, 'ensureCapacity', None, None, None]",,protobuf,"['remotes/origin/3.19.x', 'remotes/origin/test_ruby']",https://github.com/protocolbuffers/protobuf/commit/b0e8e607dc1ace17c823276d3384eeda775bbd76,{'MessageReflection.java': 0}
53,"{'CWE-79': ['XSS', 'Cross Site Scripting']}",{'CWE-79': ['XSS']},39(23),28,201,"[None, None, None, None, None, None, None, None, None, None, None, None, None, None, None, None, None, None, None, None, None, None, None, None, None, None, None, None, None, None, None, None, None, None, None, None, None, None, None, None, None, None, None, None, None, None, None, None, None, None, None, None, None, None, None, None, None, 'getField', None, None, None, None, 'hashCode', 'hashCode', 'makeImmutable', 'toBuilder', None, 'getMemoizedSerializedSize', 'setMemoizedSerializedSize', None, 'getSerializedSize', 'computeSerializedSize', None, None, 'Builder', 'copyOnWrite', 'copyOnWrite', 'copyOnWriteInternal', 'clear', 'clone', 'buildPartial', 'buildPartial', 'mergeFrom', 'mergeFrom', 'copyOnWriteInternal', 'buildPartial', None, None, None, None, 'getUnknownFields', None, 'clear', 'setUnknownFieldsInternal', None, 'getUnknownFields', None, None, None, None, None, None, None, None, None, None, None, None, None, None, None, None, None, None, None, None, None, None, None, 'pascalCaseToSnakeCase', None, None, None, 'setField', None, 'addRepeatedField', None, None, None, 'finish', None, None, None, None, 'mergeFrom', None, 'mergeMessage', 'mergeMessage', 'mergeMessage', 'mergeMessage', 'mergeOneofMessage', 'mergeOneofMessage', 'mergeOneofMessage', 'mergeOneofMessage', None, None, None, None, None, None, None, None, None, None, None, None, None, None, None, None, None, None, None, None, None, None, None, None, None, 'storeOneofMessageField', None, None, 'makeImmutable', 'makeImmutable', None, None, None, None, None, None, 'newInstance', None, 'newInstance', None, None, None, None, None, None, None, None, None, None, None, None, 'storeField', None, 'ensureCapacity', None, None, None]",,protobuf,['remotes/origin/3.16.x'],https://github.com/protocolbuffers/protobuf/commit/42e47e5a3fa7219b136f6a5de7c74a89a79245c6,{'MessageReflection.java': 0}
54,"{'CWE-79': ['XSS', 'Cross Site Scripting']}",{'CWE-79': ['XSS']},2(1),4,14,"[None, None, 'setField', None, 'addRepeatedField', None, None, None, None, None, None, None, None, 'finish']",,protobuf,"['main', 'remotes/origin/21.x', 'remotes/origin/22.x', 'remotes/origin/22.x-202303072154', 'remotes/origin/22.x-202304122338', 'remotes/origin/23.0-rc2-patch', 'remotes/origin/23.x', 'remotes/origin/23.x-202305051714', 'remotes/origin/23.x-202305081751', 'remotes/origin/23.x-202305171614', 'remotes/origin/24.x', 'remotes/origin/25.x', 'remotes/origin/25.x-202311012212', 'remotes/origin/25.x-allow-compat-test', 'remotes/origin/25.x-compat-tests', 'remotes/origin/25.x-compat-upgrade', 'remotes/origin/25.x-java-test-proto-visibility', 'remotes/origin/26.x', 'remotes/origin/27.x', 'remotes/origin/27.x-compat-upgrade', 'remotes/origin/28.x', 'remotes/origin/28.x-202408082011', 'remotes/origin/HEAD -> origin/main', 'remotes/origin/add-support-for-options-in-ruby', 'remotes/origin/add_missing_headers', 'remotes/origin/b7-all', 'remotes/origin/bazel-rules', 'remotes/origin/bazel-rules2', 'remotes/origin/bazel7-deb11', 'remotes/origin/bcr', 'remotes/origin/bootstrap_upb_fix', 'remotes/origin/burndown_patches', 'remotes/origin/bzlmod', 'remotes/origin/cherrypick-ruby-utf8', 'remotes/origin/cherrypickStatic', 'remotes/origin/cherrypicks', 'remotes/origin/cp-bzl', 'remotes/origin/cp-java-feature-bootstrap', 'remotes/origin/cp-java-generator', 'remotes/origin/cp-segv', 'remotes/origin/deannagarcia-patch-1', 'remotes/origin/deannagarcia-patch-10', 'remotes/origin/deannagarcia-patch-11', 'remotes/origin/deannagarcia-patch-12', 'remotes/origin/deannagarcia-patch-2', 'remotes/origin/deannagarcia-patch-3', 'remotes/origin/deannagarcia-patch-4', 'remotes/origin/deannagarcia-patch-5', 'remotes/origin/deannagarcia-patch-6', 'remotes/origin/deannagarcia-patch-7', 'remotes/origin/deannagarcia-patch-8', 'remotes/origin/deannagarcia-patch-9', 'remotes/origin/dependabot/github_actions/actions/checkout-4.1.7', 'remotes/origin/dependabot/github_actions/actions/upload-artifact-4', 'remotes/origin/dependabot/github_actions/ruby/setup-ruby-1.191.0', 'remotes/origin/dependabot/github_actions/shivammathur/setup-php-2.31.1', 'remotes/origin/dependabot/pip/python/docs/jinja2-3.1.4', 'remotes/origin/disable-upload-artifacts-action', 'remotes/origin/dmaclach-mach_absolute_time', 'remotes/origin/editions-27', 'remotes/origin/ffi-fix', 'remotes/origin/fix-25.x-staleness', 'remotes/origin/fix_jruby_proto3_optional', 'remotes/origin/gberg-main', 'remotes/origin/gberg-osgi', 'remotes/origin/gha', 'remotes/origin/gha-actions', 'remotes/origin/gha-migration', 'remotes/origin/gha-migration2', 'remotes/origin/gha-migration3', 'remotes/origin/gha-test', 'remotes/origin/ghaPassFail', 'remotes/origin/java8', 'remotes/origin/jruby_9.4.6.0', 'remotes/origin/main', 'remotes/origin/main-202302161846', 'remotes/origin/main-202303072257', 'remotes/origin/main-202304252156', 'remotes/origin/main-202305082101', 'remotes/origin/main-202310162054', 'remotes/origin/main-202401251548', 'remotes/origin/main-202404180211', 'remotes/origin/main-202407112335', 'remotes/origin/main-tmp-1', 'remotes/origin/main-tmp-2', 'remotes/origin/main-tmp-3', 'remotes/origin/main-tmp-test-branch', 'remotes/origin/mavenTests', 'remotes/origin/pkgconfig2-22', 'remotes/origin/pomTrial', 'remotes/origin/python312-upb', 'remotes/origin/reenable_cruby_ffi_tests', 'remotes/origin/regen-upb', 'remotes/origin/revert-12721-main-202305082101', 'remotes/origin/revert-18339-bazel-rules2', 'remotes/origin/rm-php-compat-code', 'remotes/origin/ruby-ffi-freezing', 'remotes/origin/ruby-json-pool-fix', 'remotes/origin/ruby-rm-syntax', 'remotes/origin/ruby_artifact_uploads', 'remotes/origin/ruby_dep', 'remotes/origin/set-ex-test', 'remotes/origin/shaod2-patch-1', 'remotes/origin/support_ruby_3.4.x', 'remotes/origin/test_458711847', 'remotes/origin/test_472529298', 'remotes/origin/test_477475045', 'remotes/origin/test_488676475', 'remotes/origin/test_488736123', 'remotes/origin/test_488863171', 'remotes/origin/test_488996168', 'remotes/origin/test_489037129', 'remotes/origin/test_489075734', 'remotes/origin/test_489259176', 'remotes/origin/test_490412672', 'remotes/origin/test_490480534', 'remotes/origin/test_490544827', 'remotes/origin/test_490775181', 'remotes/origin/test_491410618', 'remotes/origin/test_492007398', 'remotes/origin/test_492047164', 'remotes/origin/test_492051638', 'remotes/origin/test_492365076', 'remotes/origin/test_492380119', 'remotes/origin/test_493086551', 'remotes/origin/test_493088412', 'remotes/origin/test_493584811', 'remotes/origin/test_493743618', 'remotes/origin/test_493886620', 'remotes/origin/test_494027573', 'remotes/origin/test_494043842', 'remotes/origin/test_494271758', 'remotes/origin/test_494398568', 'remotes/origin/test_494723105', 'remotes/origin/test_494824070', 'remotes/origin/test_494835245', 'remotes/origin/test_495003404', 'remotes/origin/test_495019683', 'remotes/origin/test_495043824', 'remotes/origin/test_495125557', 'remotes/origin/test_495293733', 'remotes/origin/test_495294072', 'remotes/origin/test_495352403', 'remotes/origin/test_495412624', 'remotes/origin/test_495507057', 'remotes/origin/test_500390065', 'remotes/origin/test_559560115', 'remotes/origin/test_642578689', 'remotes/origin/test_654701762', 'remotes/origin/test_655242178', 'remotes/origin/test_655609558', 'remotes/origin/test_666527234', 'remotes/origin/test_667412777', 'remotes/origin/test_669099316', 'remotes/origin/test_669459607', 'remotes/origin/test_670528091', 'remotes/origin/test_670695928', 'remotes/origin/test_671126144', 'remotes/origin/test_673070384', 'remotes/origin/test_673536874', 'remotes/origin/test_673817781', 'remotes/origin/test_673873453', 'remotes/origin/test_673888799', 'remotes/origin/test_673892848', 'remotes/origin/test_673988631', 'remotes/origin/test_673991551', 'remotes/origin/test_673993761', 'remotes/origin/test_673994429', 'remotes/origin/test_673994444', 'remotes/origin/test_673998259', 'remotes/origin/test_674030055', 'remotes/origin/test_674352147', 'remotes/origin/test_674444902', 'remotes/origin/test_674476267', 'remotes/origin/test_675116650', 'remotes/origin/test_675126476', 'remotes/origin/test_675162587', 'remotes/origin/test_675244481', 'remotes/origin/test_675278793', 'remotes/origin/test_675282264', 'remotes/origin/test_675307746', 'remotes/origin/test_675315586', 'remotes/origin/test_675335785', 'remotes/origin/test_675375840', 'remotes/origin/test_675580725', 'remotes/origin/test_675602720', 'remotes/origin/test_675611269', 'remotes/origin/test_675619950', 'remotes/origin/test_675642327', 'remotes/origin/test_675656163', 'remotes/origin/test_675661837', 'remotes/origin/test_675675425', 'remotes/origin/test_675730875', 'remotes/origin/test_kfm', 'remotes/origin/upgrade-absl', 'remotes/origin/win2019-23.x']",https://github.com/protocolbuffers/protobuf/commit/a3888f53317a8018e7a439bac4abeb8f3425d5e9,{'MessageReflection.java': 0}
55,"{'CWE-79': ['XSS', 'Cross Site Scripting']}",{'CWE-79': ['XSS']},2(1),4,14,"[None, None, 'setField', None, 'addRepeatedField', None, None, None, None, None, None, None, None, 'finish']",,protobuf,"['remotes/origin/3.20.x', 'remotes/origin/gberg-cp-20']",https://github.com/protocolbuffers/protobuf/commit/24b65038cfe36191268fda355aca0e43d3ecbcbe,{'MessageReflection.java': 0}
56,"{'CWE-79': ['XSS', 'Cross Site Scripting']}",{'CWE-79': ['XSS']},39(23),28,203,"[None, None, None, None, None, None, None, None, None, None, None, None, None, None, None, None, None, None, None, None, None, None, None, None, None, None, None, None, None, None, None, None, None, None, None, None, None, None, None, None, None, None, None, None, None, None, None, None, None, None, None, None, None, None, None, None, None, 'getField', None, None, None, None, 'hashCode', 'hashCode', 'makeImmutable', 'toBuilder', None, 'getMemoizedSerializedSize', 'setMemoizedSerializedSize', None, 'getSerializedSize', 'computeSerializedSize', None, None, 'Builder', 'copyOnWrite', 'copyOnWrite', 'copyOnWriteInternal', 'clear', 'clone', 'buildPartial', 'buildPartial', 'mergeFrom', 'mergeFrom', 'copyOnWriteInternal', 'buildPartial', None, None, None, None, 'getUnknownFields', None, 'clear', 'setUnknownFieldsInternal', None, 'getUnknownFields', None, None, None, None, None, None, None, None, None, None, None, None, None, None, None, None, None, None, None, None, None, None, None, 'pascalCaseToSnakeCase', None, None, None, 'setField', None, 'addRepeatedField', None, None, None, 'finish', None, None, None, None, 'mergeFrom', None, 'mergeMessage', 'mergeMessage', 'mergeMessage', 'mergeMessage', 'mergeOneofMessage', 'mergeOneofMessage', 'mergeOneofMessage', 'mergeOneofMessage', None, None, None, None, None, None, None, None, None, None, None, None, None, None, None, None, None, None, None, None, None, None, None, None, None, 'storeOneofMessageField', None, None, 'makeImmutable', 'makeImmutable', None, None, None, None, None, None, 'newInstance', None, 'newInstance', None, None, None, None, None, None, None, None, None, None, None, None, None, None, 'storeField', None, 'ensureCapacity', None, None, None]",,protobuf,"['remotes/origin/3.19.x', 'remotes/origin/test_ruby']",https://github.com/protocolbuffers/protobuf/commit/b0e8e607dc1ace17c823276d3384eeda775bbd76,{'MessageReflection.java': 0}
57,"{'CWE-79': ['XSS', 'Cross Site Scripting']}",{'CWE-79': ['XSS']},39(23),28,201,"[None, None, None, None, None, None, None, None, None, None, None, None, None, None, None, None, None, None, None, None, None, None, None, None, None, None, None, None, None, None, None, None, None, None, None, None, None, None, None, None, None, None, None, None, None, None, None, None, None, None, None, None, None, None, None, None, None, 'getField', None, None, None, None, 'hashCode', 'hashCode', 'makeImmutable', 'toBuilder', None, 'getMemoizedSerializedSize', 'setMemoizedSerializedSize', None, 'getSerializedSize', 'computeSerializedSize', None, None, 'Builder', 'copyOnWrite', 'copyOnWrite', 'copyOnWriteInternal', 'clear', 'clone', 'buildPartial', 'buildPartial', 'mergeFrom', 'mergeFrom', 'copyOnWriteInternal', 'buildPartial', None, None, None, None, 'getUnknownFields', None, 'clear', 'setUnknownFieldsInternal', None, 'getUnknownFields', None, None, None, None, None, None, None, None, None, None, None, None, None, None, None, None, None, None, None, None, None, None, None, 'pascalCaseToSnakeCase', None, None, None, 'setField', None, 'addRepeatedField', None, None, None, 'finish', None, None, None, None, 'mergeFrom', None, 'mergeMessage', 'mergeMessage', 'mergeMessage', 'mergeMessage', 'mergeOneofMessage', 'mergeOneofMessage', 'mergeOneofMessage', 'mergeOneofMessage', None, None, None, None, None, None, None, None, None, None, None, None, None, None, None, None, None, None, None, None, None, None, None, None, None, 'storeOneofMessageField', None, None, 'makeImmutable', 'makeImmutable', None, None, None, None, None, None, 'newInstance', None, 'newInstance', None, None, None, None, None, None, None, None, None, None, None, None, 'storeField', None, 'ensureCapacity', None, None, None]",,protobuf,['remotes/origin/3.16.x'],https://github.com/protocolbuffers/protobuf/commit/42e47e5a3fa7219b136f6a5de7c74a89a79245c6,{'MessageReflection.java': 0}
58,"{'CWE-79': ['XSS', 'Cross Site Scripting']}",{'CWE-79': ['XSS']},2(1),4,14,"[None, None, 'setField', None, 'addRepeatedField', None, None, None, None, None, None, None, None, 'finish']",,protobuf,"['main', 'remotes/origin/21.x', 'remotes/origin/22.x', 'remotes/origin/22.x-202303072154', 'remotes/origin/22.x-202304122338', 'remotes/origin/23.0-rc2-patch', 'remotes/origin/23.x', 'remotes/origin/23.x-202305051714', 'remotes/origin/23.x-202305081751', 'remotes/origin/23.x-202305171614', 'remotes/origin/24.x', 'remotes/origin/25.x', 'remotes/origin/25.x-202311012212', 'remotes/origin/25.x-allow-compat-test', 'remotes/origin/25.x-compat-tests', 'remotes/origin/25.x-compat-upgrade', 'remotes/origin/25.x-java-test-proto-visibility', 'remotes/origin/26.x', 'remotes/origin/27.x', 'remotes/origin/27.x-compat-upgrade', 'remotes/origin/28.x', 'remotes/origin/28.x-202408082011', 'remotes/origin/HEAD -> origin/main', 'remotes/origin/add-support-for-options-in-ruby', 'remotes/origin/add_missing_headers', 'remotes/origin/b7-all', 'remotes/origin/bazel-rules', 'remotes/origin/bazel-rules2', 'remotes/origin/bazel7-deb11', 'remotes/origin/bcr', 'remotes/origin/bootstrap_upb_fix', 'remotes/origin/burndown_patches', 'remotes/origin/bzlmod', 'remotes/origin/cherrypick-ruby-utf8', 'remotes/origin/cherrypickStatic', 'remotes/origin/cherrypicks', 'remotes/origin/cp-bzl', 'remotes/origin/cp-java-feature-bootstrap', 'remotes/origin/cp-java-generator', 'remotes/origin/cp-segv', 'remotes/origin/deannagarcia-patch-1', 'remotes/origin/deannagarcia-patch-10', 'remotes/origin/deannagarcia-patch-11', 'remotes/origin/deannagarcia-patch-12', 'remotes/origin/deannagarcia-patch-2', 'remotes/origin/deannagarcia-patch-3', 'remotes/origin/deannagarcia-patch-4', 'remotes/origin/deannagarcia-patch-5', 'remotes/origin/deannagarcia-patch-6', 'remotes/origin/deannagarcia-patch-7', 'remotes/origin/deannagarcia-patch-8', 'remotes/origin/deannagarcia-patch-9', 'remotes/origin/dependabot/github_actions/actions/checkout-4.1.7', 'remotes/origin/dependabot/github_actions/actions/upload-artifact-4', 'remotes/origin/dependabot/github_actions/ruby/setup-ruby-1.191.0', 'remotes/origin/dependabot/github_actions/shivammathur/setup-php-2.31.1', 'remotes/origin/dependabot/pip/python/docs/jinja2-3.1.4', 'remotes/origin/disable-upload-artifacts-action', 'remotes/origin/dmaclach-mach_absolute_time', 'remotes/origin/editions-27', 'remotes/origin/ffi-fix', 'remotes/origin/fix-25.x-staleness', 'remotes/origin/fix_jruby_proto3_optional', 'remotes/origin/gberg-main', 'remotes/origin/gberg-osgi', 'remotes/origin/gha', 'remotes/origin/gha-actions', 'remotes/origin/gha-migration', 'remotes/origin/gha-migration2', 'remotes/origin/gha-migration3', 'remotes/origin/gha-test', 'remotes/origin/ghaPassFail', 'remotes/origin/java8', 'remotes/origin/jruby_9.4.6.0', 'remotes/origin/main', 'remotes/origin/main-202302161846', 'remotes/origin/main-202303072257', 'remotes/origin/main-202304252156', 'remotes/origin/main-202305082101', 'remotes/origin/main-202310162054', 'remotes/origin/main-202401251548', 'remotes/origin/main-202404180211', 'remotes/origin/main-202407112335', 'remotes/origin/main-tmp-1', 'remotes/origin/main-tmp-2', 'remotes/origin/main-tmp-3', 'remotes/origin/main-tmp-test-branch', 'remotes/origin/mavenTests', 'remotes/origin/pkgconfig2-22', 'remotes/origin/pomTrial', 'remotes/origin/python312-upb', 'remotes/origin/reenable_cruby_ffi_tests', 'remotes/origin/regen-upb', 'remotes/origin/revert-12721-main-202305082101', 'remotes/origin/revert-18339-bazel-rules2', 'remotes/origin/rm-php-compat-code', 'remotes/origin/ruby-ffi-freezing', 'remotes/origin/ruby-json-pool-fix', 'remotes/origin/ruby-rm-syntax', 'remotes/origin/ruby_artifact_uploads', 'remotes/origin/ruby_dep', 'remotes/origin/set-ex-test', 'remotes/origin/shaod2-patch-1', 'remotes/origin/support_ruby_3.4.x', 'remotes/origin/test_458711847', 'remotes/origin/test_472529298', 'remotes/origin/test_477475045', 'remotes/origin/test_488676475', 'remotes/origin/test_488736123', 'remotes/origin/test_488863171', 'remotes/origin/test_488996168', 'remotes/origin/test_489037129', 'remotes/origin/test_489075734', 'remotes/origin/test_489259176', 'remotes/origin/test_490412672', 'remotes/origin/test_490480534', 'remotes/origin/test_490544827', 'remotes/origin/test_490775181', 'remotes/origin/test_491410618', 'remotes/origin/test_492007398', 'remotes/origin/test_492047164', 'remotes/origin/test_492051638', 'remotes/origin/test_492365076', 'remotes/origin/test_492380119', 'remotes/origin/test_493086551', 'remotes/origin/test_493088412', 'remotes/origin/test_493584811', 'remotes/origin/test_493743618', 'remotes/origin/test_493886620', 'remotes/origin/test_494027573', 'remotes/origin/test_494043842', 'remotes/origin/test_494271758', 'remotes/origin/test_494398568', 'remotes/origin/test_494723105', 'remotes/origin/test_494824070', 'remotes/origin/test_494835245', 'remotes/origin/test_495003404', 'remotes/origin/test_495019683', 'remotes/origin/test_495043824', 'remotes/origin/test_495125557', 'remotes/origin/test_495293733', 'remotes/origin/test_495294072', 'remotes/origin/test_495352403', 'remotes/origin/test_495412624', 'remotes/origin/test_495507057', 'remotes/origin/test_500390065', 'remotes/origin/test_559560115', 'remotes/origin/test_642578689', 'remotes/origin/test_654701762', 'remotes/origin/test_655242178', 'remotes/origin/test_655609558', 'remotes/origin/test_666527234', 'remotes/origin/test_667412777', 'remotes/origin/test_669099316', 'remotes/origin/test_669459607', 'remotes/origin/test_670528091', 'remotes/origin/test_670695928', 'remotes/origin/test_671126144', 'remotes/origin/test_673070384', 'remotes/origin/test_673536874', 'remotes/origin/test_673817781', 'remotes/origin/test_673873453', 'remotes/origin/test_673888799', 'remotes/origin/test_673892848', 'remotes/origin/test_673988631', 'remotes/origin/test_673991551', 'remotes/origin/test_673993761', 'remotes/origin/test_673994429', 'remotes/origin/test_673994444', 'remotes/origin/test_673998259', 'remotes/origin/test_674030055', 'remotes/origin/test_674352147', 'remotes/origin/test_674444902', 'remotes/origin/test_674476267', 'remotes/origin/test_675116650', 'remotes/origin/test_675126476', 'remotes/origin/test_675162587', 'remotes/origin/test_675244481', 'remotes/origin/test_675278793', 'remotes/origin/test_675282264', 'remotes/origin/test_675307746', 'remotes/origin/test_675315586', 'remotes/origin/test_675335785', 'remotes/origin/test_675375840', 'remotes/origin/test_675580725', 'remotes/origin/test_675602720', 'remotes/origin/test_675611269', 'remotes/origin/test_675619950', 'remotes/origin/test_675642327', 'remotes/origin/test_675656163', 'remotes/origin/test_675661837', 'remotes/origin/test_675675425', 'remotes/origin/test_675730875', 'remotes/origin/test_kfm', 'remotes/origin/upgrade-absl', 'remotes/origin/win2019-23.x']",https://github.com/protocolbuffers/protobuf/commit/a3888f53317a8018e7a439bac4abeb8f3425d5e9,{'MessageReflection.java': 0}
59,"{'CWE-79': ['XSS', 'Cross Site Scripting']}",{'CWE-79': ['XSS']},39(23),25,196,"[None, None, None, None, None, None, None, None, None, None, None, None, None, None, None, None, None, None, None, None, None, None, None, None, None, None, None, None, None, None, None, None, None, None, None, None, None, None, None, None, None, None, None, None, None, None, None, None, None, None, None, None, None, None, None, None, None, 'getField', None, None, None, None, 'hashCode', 'hashCode', 'makeImmutable', 'toBuilder', None, 'getMemoizedSerializedSize', 'setMemoizedSerializedSize', None, 'getSerializedSize', 'computeSerializedSize', None, None, 'Builder', 'copyOnWrite', 'copyOnWrite', 'copyOnWriteInternal', 'clear', 'clone', 'buildPartial', 'buildPartial', 'mergeFrom', 'mergeFrom', 'copyOnWriteInternal', 'buildPartial', None, None, None, None, 'getUnknownFields', None, 'clear', 'setUnknownFieldsInternal', None, 'getUnknownFields', None, None, None, None, None, None, None, None, None, None, None, None, None, None, None, None, None, None, None, None, None, None, None, 'pascalCaseToSnakeCase', None, None, None, None, None, None, None, 'mergeFrom', None, 'mergeMessage', 'mergeMessage', 'mergeMessage', 'mergeMessage', 'mergeOneofMessage', 'mergeOneofMessage', 'mergeOneofMessage', 'mergeOneofMessage', None, None, None, None, None, None, None, None, None, None, None, None, None, None, None, None, None, None, None, None, None, None, None, None, None, 'storeOneofMessageField', None, None, 'makeImmutable', 'makeImmutable', None, None, None, None, None, None, 'newInstance', None, 'newInstance', None, None, None, None, None, None, None, None, None, None, None, None, None, None, 'storeField', None, 'ensureCapacity', None, None, None]",,protobuf,"['remotes/origin/3.20.x', 'remotes/origin/gberg-cp-20']",https://github.com/protocolbuffers/protobuf/commit/ae6d69dba64334d77dfb633a146c479982620c1c,{'MessageReflection.java': 0}
60,"{'CWE-79': ['XSS', 'Cross Site Scripting']}",{'CWE-79': ['XSS']},39(23),28,203,"[None, None, None, None, None, None, None, None, None, None, None, None, None, None, None, None, None, None, None, None, None, None, None, None, None, None, None, None, None, None, None, None, None, None, None, None, None, None, None, None, None, None, None, None, None, None, None, None, None, None, None, None, None, None, None, None, None, 'getField', None, None, None, None, 'hashCode', 'hashCode', 'makeImmutable', 'toBuilder', None, 'getMemoizedSerializedSize', 'setMemoizedSerializedSize', None, 'getSerializedSize', 'computeSerializedSize', None, None, 'Builder', 'copyOnWrite', 'copyOnWrite', 'copyOnWriteInternal', 'clear', 'clone', 'buildPartial', 'buildPartial', 'mergeFrom', 'mergeFrom', 'copyOnWriteInternal', 'buildPartial', None, None, None, None, 'getUnknownFields', None, 'clear', 'setUnknownFieldsInternal', None, 'getUnknownFields', None, None, None, None, None, None, None, None, None, None, None, None, None, None, None, None, None, None, None, None, None, None, None, 'pascalCaseToSnakeCase', None, None, None, 'setField', None, 'addRepeatedField', None, None, None, 'finish', None, None, None, None, 'mergeFrom', None, 'mergeMessage', 'mergeMessage', 'mergeMessage', 'mergeMessage', 'mergeOneofMessage', 'mergeOneofMessage', 'mergeOneofMessage', 'mergeOneofMessage', None, None, None, None, None, None, None, None, None, None, None, None, None, None, None, None, None, None, None, None, None, None, None, None, None, 'storeOneofMessageField', None, None, 'makeImmutable', 'makeImmutable', None, None, None, None, None, None, 'newInstance', None, 'newInstance', None, None, None, None, None, None, None, None, None, None, None, None, None, None, 'storeField', None, 'ensureCapacity', None, None, None]",,protobuf,"['remotes/origin/3.19.x', 'remotes/origin/test_ruby']",https://github.com/protocolbuffers/protobuf/commit/b0e8e607dc1ace17c823276d3384eeda775bbd76,{'MessageReflection.java': 0}
61,"{'CWE-79': ['XSS', 'Cross Site Scripting']}",{'CWE-79': ['XSS']},39(23),28,201,"[None, None, None, None, None, None, None, None, None, None, None, None, None, None, None, None, None, None, None, None, None, None, None, None, None, None, None, None, None, None, None, None, None, None, None, None, None, None, None, None, None, None, None, None, None, None, None, None, None, None, None, None, None, None, None, None, None, 'getField', None, None, None, None, 'hashCode', 'hashCode', 'makeImmutable', 'toBuilder', None, 'getMemoizedSerializedSize', 'setMemoizedSerializedSize', None, 'getSerializedSize', 'computeSerializedSize', None, None, 'Builder', 'copyOnWrite', 'copyOnWrite', 'copyOnWriteInternal', 'clear', 'clone', 'buildPartial', 'buildPartial', 'mergeFrom', 'mergeFrom', 'copyOnWriteInternal', 'buildPartial', None, None, None, None, 'getUnknownFields', None, 'clear', 'setUnknownFieldsInternal', None, 'getUnknownFields', None, None, None, None, None, None, None, None, None, None, None, None, None, None, None, None, None, None, None, None, None, None, None, 'pascalCaseToSnakeCase', None, None, None, 'setField', None, 'addRepeatedField', None, None, None, 'finish', None, None, None, None, 'mergeFrom', None, 'mergeMessage', 'mergeMessage', 'mergeMessage', 'mergeMessage', 'mergeOneofMessage', 'mergeOneofMessage', 'mergeOneofMessage', 'mergeOneofMessage', None, None, None, None, None, None, None, None, None, None, None, None, None, None, None, None, None, None, None, None, None, None, None, None, None, 'storeOneofMessageField', None, None, 'makeImmutable', 'makeImmutable', None, None, None, None, None, None, 'newInstance', None, 'newInstance', None, None, None, None, None, None, None, None, None, None, None, None, 'storeField', None, 'ensureCapacity', None, None, None]",,protobuf,['remotes/origin/3.16.x'],https://github.com/protocolbuffers/protobuf/commit/42e47e5a3fa7219b136f6a5de7c74a89a79245c6,{'MessageReflection.java': 0}
62,"{'CWE-79': ['XSS', 'Cross Site Scripting']}",{'CWE-79': ['XSS']},2(1),4,14,"[None, None, 'setField', None, 'addRepeatedField', None, None, None, None, None, None, None, None, 'finish']",,protobuf,"['main', 'remotes/origin/21.x', 'remotes/origin/22.x', 'remotes/origin/22.x-202303072154', 'remotes/origin/22.x-202304122338', 'remotes/origin/23.0-rc2-patch', 'remotes/origin/23.x', 'remotes/origin/23.x-202305051714', 'remotes/origin/23.x-202305081751', 'remotes/origin/23.x-202305171614', 'remotes/origin/24.x', 'remotes/origin/25.x', 'remotes/origin/25.x-202311012212', 'remotes/origin/25.x-allow-compat-test', 'remotes/origin/25.x-compat-tests', 'remotes/origin/25.x-compat-upgrade', 'remotes/origin/25.x-java-test-proto-visibility', 'remotes/origin/26.x', 'remotes/origin/27.x', 'remotes/origin/27.x-compat-upgrade', 'remotes/origin/28.x', 'remotes/origin/28.x-202408082011', 'remotes/origin/HEAD -> origin/main', 'remotes/origin/add-support-for-options-in-ruby', 'remotes/origin/add_missing_headers', 'remotes/origin/b7-all', 'remotes/origin/bazel-rules', 'remotes/origin/bazel-rules2', 'remotes/origin/bazel7-deb11', 'remotes/origin/bcr', 'remotes/origin/bootstrap_upb_fix', 'remotes/origin/burndown_patches', 'remotes/origin/bzlmod', 'remotes/origin/cherrypick-ruby-utf8', 'remotes/origin/cherrypickStatic', 'remotes/origin/cherrypicks', 'remotes/origin/cp-bzl', 'remotes/origin/cp-java-feature-bootstrap', 'remotes/origin/cp-java-generator', 'remotes/origin/cp-segv', 'remotes/origin/deannagarcia-patch-1', 'remotes/origin/deannagarcia-patch-10', 'remotes/origin/deannagarcia-patch-11', 'remotes/origin/deannagarcia-patch-12', 'remotes/origin/deannagarcia-patch-2', 'remotes/origin/deannagarcia-patch-3', 'remotes/origin/deannagarcia-patch-4', 'remotes/origin/deannagarcia-patch-5', 'remotes/origin/deannagarcia-patch-6', 'remotes/origin/deannagarcia-patch-7', 'remotes/origin/deannagarcia-patch-8', 'remotes/origin/deannagarcia-patch-9', 'remotes/origin/dependabot/github_actions/actions/checkout-4.1.7', 'remotes/origin/dependabot/github_actions/actions/upload-artifact-4', 'remotes/origin/dependabot/github_actions/ruby/setup-ruby-1.191.0', 'remotes/origin/dependabot/github_actions/shivammathur/setup-php-2.31.1', 'remotes/origin/dependabot/pip/python/docs/jinja2-3.1.4', 'remotes/origin/disable-upload-artifacts-action', 'remotes/origin/dmaclach-mach_absolute_time', 'remotes/origin/editions-27', 'remotes/origin/ffi-fix', 'remotes/origin/fix-25.x-staleness', 'remotes/origin/fix_jruby_proto3_optional', 'remotes/origin/gberg-main', 'remotes/origin/gberg-osgi', 'remotes/origin/gha', 'remotes/origin/gha-actions', 'remotes/origin/gha-migration', 'remotes/origin/gha-migration2', 'remotes/origin/gha-migration3', 'remotes/origin/gha-test', 'remotes/origin/ghaPassFail', 'remotes/origin/java8', 'remotes/origin/jruby_9.4.6.0', 'remotes/origin/main', 'remotes/origin/main-202302161846', 'remotes/origin/main-202303072257', 'remotes/origin/main-202304252156', 'remotes/origin/main-202305082101', 'remotes/origin/main-202310162054', 'remotes/origin/main-202401251548', 'remotes/origin/main-202404180211', 'remotes/origin/main-202407112335', 'remotes/origin/main-tmp-1', 'remotes/origin/main-tmp-2', 'remotes/origin/main-tmp-3', 'remotes/origin/main-tmp-test-branch', 'remotes/origin/mavenTests', 'remotes/origin/pkgconfig2-22', 'remotes/origin/pomTrial', 'remotes/origin/python312-upb', 'remotes/origin/reenable_cruby_ffi_tests', 'remotes/origin/regen-upb', 'remotes/origin/revert-12721-main-202305082101', 'remotes/origin/revert-18339-bazel-rules2', 'remotes/origin/rm-php-compat-code', 'remotes/origin/ruby-ffi-freezing', 'remotes/origin/ruby-json-pool-fix', 'remotes/origin/ruby-rm-syntax', 'remotes/origin/ruby_artifact_uploads', 'remotes/origin/ruby_dep', 'remotes/origin/set-ex-test', 'remotes/origin/shaod2-patch-1', 'remotes/origin/support_ruby_3.4.x', 'remotes/origin/test_458711847', 'remotes/origin/test_472529298', 'remotes/origin/test_477475045', 'remotes/origin/test_488676475', 'remotes/origin/test_488736123', 'remotes/origin/test_488863171', 'remotes/origin/test_488996168', 'remotes/origin/test_489037129', 'remotes/origin/test_489075734', 'remotes/origin/test_489259176', 'remotes/origin/test_490412672', 'remotes/origin/test_490480534', 'remotes/origin/test_490544827', 'remotes/origin/test_490775181', 'remotes/origin/test_491410618', 'remotes/origin/test_492007398', 'remotes/origin/test_492047164', 'remotes/origin/test_492051638', 'remotes/origin/test_492365076', 'remotes/origin/test_492380119', 'remotes/origin/test_493086551', 'remotes/origin/test_493088412', 'remotes/origin/test_493584811', 'remotes/origin/test_493743618', 'remotes/origin/test_493886620', 'remotes/origin/test_494027573', 'remotes/origin/test_494043842', 'remotes/origin/test_494271758', 'remotes/origin/test_494398568', 'remotes/origin/test_494723105', 'remotes/origin/test_494824070', 'remotes/origin/test_494835245', 'remotes/origin/test_495003404', 'remotes/origin/test_495019683', 'remotes/origin/test_495043824', 'remotes/origin/test_495125557', 'remotes/origin/test_495293733', 'remotes/origin/test_495294072', 'remotes/origin/test_495352403', 'remotes/origin/test_495412624', 'remotes/origin/test_495507057', 'remotes/origin/test_500390065', 'remotes/origin/test_559560115', 'remotes/origin/test_642578689', 'remotes/origin/test_654701762', 'remotes/origin/test_655242178', 'remotes/origin/test_655609558', 'remotes/origin/test_666527234', 'remotes/origin/test_667412777', 'remotes/origin/test_669099316', 'remotes/origin/test_669459607', 'remotes/origin/test_670528091', 'remotes/origin/test_670695928', 'remotes/origin/test_671126144', 'remotes/origin/test_673070384', 'remotes/origin/test_673536874', 'remotes/origin/test_673817781', 'remotes/origin/test_673873453', 'remotes/origin/test_673888799', 'remotes/origin/test_673892848', 'remotes/origin/test_673988631', 'remotes/origin/test_673991551', 'remotes/origin/test_673993761', 'remotes/origin/test_673994429', 'remotes/origin/test_673994444', 'remotes/origin/test_673998259', 'remotes/origin/test_674030055', 'remotes/origin/test_674352147', 'remotes/origin/test_674444902', 'remotes/origin/test_674476267', 'remotes/origin/test_675116650', 'remotes/origin/test_675126476', 'remotes/origin/test_675162587', 'remotes/origin/test_675244481', 'remotes/origin/test_675278793', 'remotes/origin/test_675282264', 'remotes/origin/test_675307746', 'remotes/origin/test_675315586', 'remotes/origin/test_675335785', 'remotes/origin/test_675375840', 'remotes/origin/test_675580725', 'remotes/origin/test_675602720', 'remotes/origin/test_675611269', 'remotes/origin/test_675619950', 'remotes/origin/test_675642327', 'remotes/origin/test_675656163', 'remotes/origin/test_675661837', 'remotes/origin/test_675675425', 'remotes/origin/test_675730875', 'remotes/origin/test_kfm', 'remotes/origin/upgrade-absl', 'remotes/origin/win2019-23.x']",https://github.com/protocolbuffers/protobuf/commit/a3888f53317a8018e7a439bac4abeb8f3425d5e9,{'MessageReflection.java': 0}
63,"{'CWE-79': ['XSS', 'Cross Site Scripting']}",{'CWE-79': ['XSS']},1(1),1,2,"[None, None]",,json-sanitizer,"['master', 'remotes/origin/HEAD -> origin/master', 'remotes/origin/master']",https://github.com/OWASP/json-sanitizer/commit/f2c9858c02cf521dd05f2c6f8f9450f2e1343090,{'JsonSanitizer.java': 0}
64,"{'CWE-79': ['XSS', 'Cross Site Scripting']}",{'CWE-79': ['XSS']},1(1),1,1,[None],,junrar,"['master', 'remotes/origin/HEAD -> origin/master', 'remotes/origin/dependabot/github_actions/codecov/codecov-action-4', 'remotes/origin/dependabot/github_actions/peter-evans/create-or-update-comment-4', 'remotes/origin/dependabot/gradle/com.fasterxml.jackson.core-jackson-databind-2.17.1', 'remotes/origin/dependabot/gradle/com.fasterxml.jackson.datatype-jackson-datatype-jsr310-2.17.1', 'remotes/origin/dependabot/gradle/commons-io-commons-io-2.16.1', 'remotes/origin/dependabot/gradle/org.jreleaser-1.12.0', 'remotes/origin/dependabot/gradle/org.mockito-mockito-core-5.12.0', 'remotes/origin/master']",https://github.com/junrar/junrar/commit/7b16b3d90b91445fd6af0adfed22c07413d4fab7,"{'Archive.java': 0, 'SimpleTest.java': 0, 'Simple': 1}"
65,"{'CWE-79': ['XSS', 'Cross Site Scripting']}",{'CWE-79': ['XSS']},7(7),3,11,"[None, None, None, None, None, 'DirExportProvider', 'DirImportProvider', None, None, None, None]",,keycloak,"['main', 'remotes/origin/HEAD -> origin/main', 'remotes/origin/ahus1-patch-1', 'remotes/origin/archive/map-store', 'remotes/origin/autofix/alert-2506-4e7112f49b', 'remotes/origin/feature/declarative-config', 'remotes/origin/main', 'remotes/origin/quarkus-next', 'remotes/origin/release/20.0', 'remotes/origin/release/21.0', 'remotes/origin/release/21.1', 'remotes/origin/release/22.0', 'remotes/origin/release/23.0', 'remotes/origin/release/24.0', 'remotes/origin/release/25.0']",https://github.com/keycloak/keycloak/commit/853a6d73276849877819f2dc23133557f6e1e601,"{'KeycloakConfigSourceProvider.java': 0, 'QuarkusPlatform.java': 0, 'GzipResourceEncodingProviderFactory.java': 0, 'DirExportProvider.java': 0, 'DirImportProvider.java': 0, 'PlatformProvider.java': 0, 'ThemeResourceProviderTest.java': 0, 'KeycloakServer.java': 0, 'TestPlatform.java': 0, 'WildflyPlatform.java': 0, 'ThemeResourceProvider': 1, 'Platform': 1}"
66,"{'CWE-79': ['XSS', 'Cross Site Scripting']}",{'CWE-79': ['XSS']},3(1),1,1,[None],,jspwiki,"['master', 'remotes/origin/HEAD -> origin/master', 'remotes/origin/dependabot/maven/lucene.version-9.11.1', 'remotes/origin/dependabot/maven/org.codehaus.cargo-cargo-maven3-plugin-1.10.14', 'remotes/origin/dependabot/maven/org.jdom-jdom2-2.0.6.1', 'remotes/origin/dependabot/maven/org.junit-junit-bom-5.11.0', 'remotes/origin/dependabot/maven/tomcat.version-10.1.25', 'remotes/origin/master']",https://github.com/apache/jspwiki/commit/b17f699a4a099639beebb905cf4e04a8bea63b3c,{'Release.java': 0}
67,"{'CWE-79': ['XSS', 'Cross Site Scripting']}",{'CWE-79': ['XSS']},3(1),1,1,[None],,jspwiki,"['master', 'remotes/origin/HEAD -> origin/master', 'remotes/origin/dependabot/maven/lucene.version-9.11.1', 'remotes/origin/dependabot/maven/org.codehaus.cargo-cargo-maven3-plugin-1.10.14', 'remotes/origin/dependabot/maven/org.jdom-jdom2-2.0.6.1', 'remotes/origin/dependabot/maven/org.junit-junit-bom-5.11.0', 'remotes/origin/dependabot/maven/tomcat.version-10.1.25', 'remotes/origin/master']",https://github.com/apache/jspwiki/commit/b17f699a4a099639beebb905cf4e04a8bea63b3c,{'Release.java': 0}
68,"{'CWE-79': ['XSS', 'Cross Site Scripting']}",{'CWE-79': ['XSS']},3(1),1,1,[None],,jspwiki,"['master', 'remotes/origin/HEAD -> origin/master', 'remotes/origin/dependabot/maven/lucene.version-9.11.1', 'remotes/origin/dependabot/maven/org.codehaus.cargo-cargo-maven3-plugin-1.10.14', 'remotes/origin/dependabot/maven/org.jdom-jdom2-2.0.6.1', 'remotes/origin/dependabot/maven/org.junit-junit-bom-5.11.0', 'remotes/origin/dependabot/maven/tomcat.version-10.1.25', 'remotes/origin/master']",https://github.com/apache/jspwiki/commit/b17f699a4a099639beebb905cf4e04a8bea63b3c,{'Release.java': 0}
69,"{'CWE-79': ['XSS', 'Cross Site Scripting']}",{'CWE-79': ['XSS']},3(1),1,1,[None],,jspwiki,"['master', 'remotes/origin/HEAD -> origin/master', 'remotes/origin/dependabot/maven/lucene.version-9.11.1', 'remotes/origin/dependabot/maven/org.codehaus.cargo-cargo-maven3-plugin-1.10.14', 'remotes/origin/dependabot/maven/org.jdom-jdom2-2.0.6.1', 'remotes/origin/dependabot/maven/org.junit-junit-bom-5.11.0', 'remotes/origin/dependabot/maven/tomcat.version-10.1.25', 'remotes/origin/master']",https://github.com/apache/jspwiki/commit/b17f699a4a099639beebb905cf4e04a8bea63b3c,{'Release.java': 0}
70,"{'CWE-79': ['XSS', 'Cross Site Scripting']}",{'CWE-79': ['XSS']},1(1),1,19,"[None, None, None, None, None, None, None, None, None, None, None, None, None, None, None, None, None, None, None]",,junrar,"['master', 'remotes/origin/HEAD -> origin/master', 'remotes/origin/dependabot/github_actions/codecov/codecov-action-4', 'remotes/origin/dependabot/github_actions/peter-evans/create-or-update-comment-4', 'remotes/origin/dependabot/gradle/com.fasterxml.jackson.core-jackson-databind-2.17.1', 'remotes/origin/dependabot/gradle/com.fasterxml.jackson.datatype-jackson-datatype-jsr310-2.17.1', 'remotes/origin/dependabot/gradle/commons-io-commons-io-2.16.1', 'remotes/origin/dependabot/gradle/org.jreleaser-1.12.0', 'remotes/origin/dependabot/gradle/org.mockito-mockito-core-5.12.0', 'remotes/origin/java6', 'remotes/origin/master']",https://github.com/junrar/junrar/commit/ad8d0ba8e155630da8a1215cee3f253e0af45817,"{'Archive.java': 0, 'SimpleTest.java': 0, 'Simple': 1}"
71,"{'CWE-79': ['XSS', 'Cross Site Scripting']}",{'CWE-79': ['XSS']},1(1),1,1,[None],,graphhopper,['remotes/origin/2.x'],https://github.com/graphhopper/graphhopper/commit/3bef7ead91d01adfd4fbea459bcc62de1f0279fc,{'NavigateResource.java': 2}
72,"{'CWE-79': ['XSS', 'Cross Site Scripting']}",{'CWE-79': ['XSS']},1(1),1,1,[None],,graphhopper,['remotes/origin/2.x'],https://github.com/graphhopper/graphhopper/commit/3bef7ead91d01adfd4fbea459bcc62de1f0279fc,{'NavigateResource.java': 2}
